task_id,user_id,day_of_week,hour_of_day,tasks_scheduled_same_day,previous_misses_7d,completion_streak,avg_minutes_to_complete,reminder_enabled,number_of_reminders_sent_for_task,missed
qw2vmcqbnkx9dvnu,er14ffyvnvqjt7ye,0,20,1,0,0,-1.0,1,0,0
fnkomv2xcdyk0x65,vkizzqy72wx7ptx6,2,17,1,0,0,-1.0,0,0,0
pnngh8riec4d145b,5qbswrpbjek5rbw2,2,0,3,0,0,-1.0,1,0,0
6gyup12spfhv5brn,6n7hv3izky22ubtx,6,16,3,0,0,-1.0,0,0,0
ldzmfb7r31qw6ahf,hv3a3zmf8mdd4v30,4,20,1,0,0,-1.0,1,0,0
ugysm8t2sa5bnn0m,f4zw9xa3kx7eedtj,5,8,3,0,0,-1.0,0,0,1
bh25llo3rbxk5bxj,qm5k8p4q0b8ic8bb,0,8,1,0,0,-1.0,1,0,0
kqzfpq06wpx2cyos,5qbswrpbjek5rbw2,3,22,1,0,1,-1.0,0,0,0
lk8ags6e1zhwy9he,9v86wzs3t60rjiw1,5,5,1,0,0,-1.0,1,0,0
irmuq9e5cozrooue,tvazccblskrt05ui,2,23,2,0,0,-1.0,1,0,0
64jwtektsg7fxzv4,li7kq1uymrlrmjkv,1,18,2,0,0,-1.0,0,0,0
foqmf5l9mo1sdieq,yzycwtiqj7yhl1c3,0,16,3,0,0,-1.0,1,0,0
8hmbr5xqt4p501no,qm5k8p4q0b8ic8bb,1,2,2,0,1,420.0,0,0,1
sbelrqvslwf90km3,9v86wzs3t60rjiw1,3,4,1,0,1,-1.0,1,0,0
gww4fyb8dalfyo17,6n7hv3izky22ubtx,2,20,1,0,1,720.0,0,0,0
kk791zyrru7zkut6,f4zw9xa3kx7eedtj,5,8,3,0,0,-1.0,0,0,1
iidlrye89fx5rx1k,li7kq1uymrlrmjkv,4,23,3,0,1,60.0,0,0,1
5aud9k9tr74qgefq,qh7m35ixokc1msy4,6,21,1,0,0,-1.0,0,0,0
qjluujmiyqfy751y,f4zw9xa3kx7eedtj,4,10,1,0,0,-1.0,0,0,0
n7e36htf4pyzr6qc,7s55j2o7s3kkv9rf,1,3,1,0,0,-1.0,1,0,1
kgex08n6q7nc85e4,yzycwtiqj7yhl1c3,2,14,2,0,1,60.0,1,0,0
p15ahdbvzb0oih5c,5qbswrpbjek5rbw2,5,10,1,0,2,180.0,1,0,0
7y2lofn1r4kz36u8,dswm31yihair4cow,2,3,1,0,0,-1.0,1,0,0
h6k6hg0016zzoilk,6n7hv3izky22ubtx,1,2,1,0,2,720.0,1,0,0
pfln4rxyj38xrg2g,f8e8ld4d6af58c2j,5,2,2,0,0,-1.0,0,0,0
w76xatoaztkszp7g,vkizzqy72wx7ptx6,0,16,3,0,1,-1.0,0,0,0
ntcagrp2u4dtbh55,9v86wzs3t60rjiw1,0,11,1,0,2,720.0,0,0,0
6l1f90s9bp4m18o1,5qbswrpbjek5rbw2,0,23,3,0,3,200.0,1,0,0
d7q1ddpusddtv25a,tala753lc58drc11,4,7,2,0,0,-1.0,0,0,1
wvhdk8lw2lm349el,f8e8ld4d6af58c2j,4,21,1,0,1,-1.0,1,0,0
a07h23c42yfkjfpn,9tmqlizl08yg0jv1,2,0,1,0,0,-1.0,1,0,1
9yo18pajssuuqo1v,8j5ecruyf38diuov,5,15,1,0,0,-1.0,0,0,0
e4xyf9igfu8iogxp,7s55j2o7s3kkv9rf,0,20,4,1,0,-1.0,0,0,1
vwvm4w3zkwdeekgy,z0yncxll4zklooke,5,7,1,0,0,-1.0,0,0,0
8sryo4rcb1kjtgq0,9v86wzs3t60rjiw1,2,4,2,0,3,-1.0,0,0,0
p91i3vmzwffhhcmk,er14ffyvnvqjt7ye,3,14,1,0,1,60.0,1,0,0
4ofwwnc21o0z5qru,w5py6b2knftu2gc5,2,20,2,0,0,-1.0,1,0,0
d2qe4pa8hyexf7jx,yzycwtiqj7yhl1c3,0,17,2,0,2,-1.0,0,0,0
ecn0dl5e11e9ftax,7s55j2o7s3kkv9rf,2,8,2,0,0,-1.0,0,0,1
zk7a45hvgox22ini,vkizzqy72wx7ptx6,4,0,1,0,2,540.0,0,0,0
kz1poxtfdc79flv1,li7kq1uymrlrmjkv,2,22,4,0,0,-1.0,0,0,0
s2zge2j51b3jczuc,dswm31yihair4cow,1,3,1,0,1,180.0,0,0,0
t60plozjcns6g298,yzycwtiqj7yhl1c3,5,5,1,0,3,320.0,1,0,1
aoim458ax40dtirc,tvazccblskrt05ui,6,21,1,0,1,120.0,1,0,1
47o3lqi7e1ddqlem,c56t4ufel6246hid,2,13,4,0,0,-1.0,1,0,1
boq0iq2fa39e3nwx,5c34dxtad1ior56f,0,1,2,0,0,-1.0,0,0,0
m6jqfwwxr5rdnpx2,5c34dxtad1ior56f,0,23,2,0,1,300.0,0,0,0
vifiit2018u9n79g,w5py6b2knftu2gc5,1,1,1,0,1,120.0,1,0,0
lw3mg25cfzfdsncz,hv3a3zmf8mdd4v30,2,7,1,0,1,600.0,0,0,0
ye088o98bv78hu7f,f8e8ld4d6af58c2j,4,17,2,0,2,240.0,1,0,0
5rntdr5xyfc4kl8c,5c34dxtad1ior56f,6,7,2,0,2,420.0,0,0,0
txkdotrbad3wrdhw,f8e8ld4d6af58c2j,4,4,3,0,3,320.0,0,0,1
dy3o1icns8y7uiko,5qbswrpbjek5rbw2,3,21,1,0,4,-1.0,0,0,1
fvl03dut4s7azv2e,84u89yjb1qx6gvwr,0,15,1,0,0,-1.0,0,0,1
ybrjnm2l44y9ik01,z0yncxll4zklooke,3,11,1,0,1,420.0,1,0,0
g34iq7zj3swebnvg,5c34dxtad1ior56f,3,4,2,0,3,-1.0,1,0,0
yreg2iv7zzj64qhk,w5py6b2knftu2gc5,4,0,3,0,2,120.0,0,0,0
f1622vxyzx9jpnbz,tcs4cc5o7uubcxul,1,13,2,0,0,-1.0,0,0,0
xii5p5nvqebwuwqh,z0yncxll4zklooke,1,22,1,0,2,570.0,1,0,0
j1g1r1dwwo8nbhna,qm5k8p4q0b8ic8bb,3,3,1,0,0,420.0,0,0,1
9m6mg87oi0e0vgnx,5qbswrpbjek5rbw2,0,7,3,0,0,200.0,1,0,0
xjve3dzeedhhjshz,tala753lc58drc11,5,14,1,0,0,-1.0,1,0,0
jb354mype46aexl6,qh7m35ixokc1msy4,5,11,1,0,1,-1.0,0,0,1
rupw2w5506rr5pcx,8j5ecruyf38diuov,1,21,1,0,1,360.0,0,0,1
sqrf1llkstn3cpud,5c34dxtad1ior56f,6,5,1,0,4,450.0,0,0,0
4l1vznqdxamw2tnd,f4zw9xa3kx7eedtj,1,14,3,0,1,-1.0,0,0,0
qvs8a0tpv726yg3d,qm5k8p4q0b8ic8bb,2,0,1,0,0,420.0,1,0,0
0thhzy7ez9gtwz1u,7s55j2o7s3kkv9rf,0,1,1,0,0,-1.0,1,0,1
htmqwyuixns2zybn,qh7m35ixokc1msy4,3,22,2,0,0,-1.0,1,0,1
gyggsnpuevjlzffl,qm5k8p4q0b8ic8bb,5,23,2,0,1,510.0,1,0,0
8wru1xemix7ib5n2,tcs4cc5o7uubcxul,2,7,1,0,1,360.0,1,0,0
15pdtz91x70fqldb,84u89yjb1qx6gvwr,1,11,2,0,0,-1.0,0,0,0
kyvk7n3bfh024kwk,tala753lc58drc11,1,20,3,0,1,-1.0,1,0,0
h4gg24479qtkcd0r,5c34dxtad1ior56f,2,8,2,0,5,420.0,0,0,0
jmylrq1rdxck36h0,vz41nam148p0tvhh,4,17,2,0,0,-1.0,0,0,0
esdnai89y1ffuu5f,qh7m35ixokc1msy4,5,4,1,0,0,-1.0,0,0,0
jtgxnx4sn6sm5rrv,f8e8ld4d6af58c2j,5,15,2,0,0,320.0,1,0,1
ieves6ff7so8w503,hv3a3zmf8mdd4v30,5,17,2,0,2,600.0,1,0,0
dh4spfdrwb2serev,tvazccblskrt05ui,6,19,2,0,0,-1.0,1,0,0
k5ogz2ueaxylnfxj,er14ffyvnvqjt7ye,4,2,2,0,2,-1.0,1,0,0
qzfhomtzzf8adf7p,f4zw9xa3kx7eedtj,5,11,3,1,2,420.0,0,0,1
bvsigbiaf92movs0,tcs4cc5o7uubcxul,5,17,1,0,2,330.0,1,0,0
853uy8u118qqvaec,li7kq1uymrlrmjkv,4,12,2,0,1,660.0,0,0,0
y6rh05hhiwfd7yxw,f8e8ld4d6af58c2j,3,2,3,0,0,240.0,1,0,0
oyg9zqyahulwjtiq,dswm31yihair4cow,5,9,2,0,2,-1.0,0,0,0
f3gr94sz2kuuoyc3,f8e8ld4d6af58c2j,6,23,1,1,1,255.0,1,0,0
r06nkwfg3mwu4cfi,li7kq1uymrlrmjkv,2,23,1,0,2,460.0,1,0,1
gdc5tao1cjfx5lik,tcs4cc5o7uubcxul,4,15,1,0,3,-1.0,0,0,0
xt6ridlofas1ekty,li7kq1uymrlrmjkv,6,4,2,0,0,460.0,1,0,1
2wyjxtjgcedqqzrl,w5py6b2knftu2gc5,0,18,1,0,3,300.0,0,0,0
c1cqg433e1i1p0bq,tvazccblskrt05ui,2,16,1,0,1,660.0,0,0,0
a2voi8uyyf1irym8,z0yncxll4zklooke,2,23,2,0,3,-1.0,0,0,0
pkzggm0j36tcfkjn,7s55j2o7s3kkv9rf,1,23,1,1,0,-1.0,1,0,1
sc4e5hrdu4xszjnv,tala753lc58drc11,5,19,2,0,2,360.0,0,0,1
8d0tgsiwg0odwmqx,tcs4cc5o7uubcxul,2,16,1,0,4,-1.0,0,0,0
17j8qo09vs9kkh4a,9v86wzs3t60rjiw1,5,21,2,0,4,-1.0,0,0,0
u6vk0ucc1m3o55ix,7s55j2o7s3kkv9rf,6,19,1,0,0,-1.0,1,0,0
cubods1eeurxhw0i,z0yncxll4zklooke,5,11,3,0,4,405.0,1,0,0
hn14eb8753ayeqah,f4zw9xa3kx7eedtj,3,13,2,0,0,420.0,1,0,0
j4x5a5xin9dl5tgs,5qbswrpbjek5rbw2,1,2,4,0,1,210.0,0,0,0
78imoe0sy5ypuplv,hv3a3zmf8mdd4v30,2,2,1,0,3,480.0,0,0,1
el5015oop767j2dg,f8e8ld4d6af58c2j,3,0,3,0,2,240.0,1,0,1
1ajo091c795rlqio,vz41nam148p0tvhh,0,0,2,0,1,720.0,1,0,0
swbkok3qpwbsf3q0,9v86wzs3t60rjiw1,2,14,3,0,5,405.0,0,0,1
sn2s8nn16uxf5gzp,er14ffyvnvqjt7ye,3,20,1,0,3,280.0,1,0,0
a5kw3hgbmfbuvldd,vkizzqy72wx7ptx6,5,14,2,0,3,420.0,1,0,1
e4lohhcu9td0v2zp,tvazccblskrt05ui,4,9,3,0,2,-1.0,1,0,0
omuwahk2lslaym0w,vz41nam148p0tvhh,1,14,2,0,2,720.0,0,0,1
ytaul62cf4mntfvg,f8e8ld4d6af58c2j,2,10,3,0,0,228.0,1,0,0
g70s1f537ye0qzsa,tvazccblskrt05ui,6,18,1,0,3,-1.0,0,0,0
awshmlfzkicwmpeq,tala753lc58drc11,1,18,2,0,0,660.0,1,0,0
d2zdlx1q8f6jng7l,tvazccblskrt05ui,3,9,2,0,4,660.0,1,0,0
iifrchyp9umygy0z,vz41nam148p0tvhh,5,4,2,0,0,-1.0,0,0,1
wafftouhylu6k7p9,w5py6b2knftu2gc5,1,17,1,0,4,270.0,0,0,0
nntxrgn74f9yecaz,7s55j2o7s3kkv9rf,5,22,1,1,1,660.0,0,0,0
zj7ubbrnu8c0s41k,f4zw9xa3kx7eedtj,4,17,1,0,1,360.0,0,0,0
kb700ucrgb93wkcs,qh7m35ixokc1msy4,4,11,1,0,1,-1.0,0,0,0
v341onx0gu4bj3bq,tvazccblskrt05ui,0,10,1,0,5,528.0,0,0,0
4mjdxo100vhmygty,84u89yjb1qx6gvwr,5,17,1,0,1,-1.0,1,0,0
n1x2gdgkxcq91yy1,tvazccblskrt05ui,0,14,2,0,6,420.0,1,0,0
zdcujq6fx7xjz6us,qm5k8p4q0b8ic8bb,5,4,1,0,2,-1.0,1,0,0
t8cq1xgbngz6wmdw,dswm31yihair4cow,4,13,2,0,3,-1.0,0,0,0
yqy5fu7bfxq7bzeg,84u89yjb1qx6gvwr,6,10,1,1,2,300.0,0,0,1
l8hbgcj1gnfiue2w,tvazccblskrt05ui,6,14,2,0,7,492.0,1,0,0
gr8w2maietdn1th1,vkizzqy72wx7ptx6,2,13,1,0,0,540.0,1,0,1
7g2re6zvlhyl2ld0,yzycwtiqj7yhl1c3,3,13,2,0,0,-1.0,0,0,0
4qgm5v2wwg84d4r9,tala753lc58drc11,0,4,2,0,1,390.0,1,0,0
r23qiua08ekxdrkz,9v86wzs3t60rjiw1,4,1,2,0,0,-1.0,0,0,0
t22c50b8y5dnwngu,vkizzqy72wx7ptx6,5,2,1,1,0,420.0,0,0,0
rsezytkw2837c6qc,qm5k8p4q0b8ic8bb,1,14,2,0,3,480.0,1,0,1
c5i8xomxlvz4qke2,tcs4cc5o7uubcxul,6,11,1,0,5,240.0,0,0,1
9upnhzx9fq9tea71,yzycwtiqj7yhl1c3,5,5,2,0,1,-1.0,0,0,0
ftlo4qdbxvh7katq,yzycwtiqj7yhl1c3,2,17,1,0,2,390.0,1,0,0
0opf060o4vfk9sm7,qm5k8p4q0b8ic8bb,0,7,1,0,0,500.0,0,0,0
2fkxwexkg6xb1r8v,hv3a3zmf8mdd4v30,0,1,1,1,0,480.0,1,0,1
w8bkxcgw1vgll42j,vz41nam148p0tvhh,6,21,1,0,0,-1.0,0,0,0
zz2p6eeamyfp9s8g,9tmqlizl08yg0jv1,4,19,2,0,0,-1.0,0,0,0
q6bkadevvhybf0ju,yzycwtiqj7yhl1c3,1,14,1,0,3,440.0,0,0,1
p8gmnhie9ede1zub,5c34dxtad1ior56f,3,4,2,0,6,360.0,1,0,0
osyeoz906gnhh4oi,tala753lc58drc11,2,20,2,0,2,420.0,1,0,0
b03ragvlkw1xsrqk,tvazccblskrt05ui,6,4,1,0,8,528.0,1,0,1
rezrdyxyur4sor8w,5c34dxtad1ior56f,1,10,1,0,7,420.0,0,0,0
ckmalq5u6jzv9nou,7s55j2o7s3kkv9rf,0,4,2,0,2,-1.0,0,0,1
oi0d4dmc2rh2xk2p,8j5ecruyf38diuov,3,9,4,0,0,-1.0,1,0,0
670chqi014o46w4j,w5py6b2knftu2gc5,4,23,3,0,5,380.0,1,0,0
g48ra4dv56onxd70,9tmqlizl08yg0jv1,1,12,2,0,1,720.0,0,0,0
hjo5ctzetrij2frn,5c34dxtad1ior56f,4,19,3,0,8,264.0,0,0,0
77k71k4fpl3x2jc2,9v86wzs3t60rjiw1,6,4,4,0,1,570.0,1,0,1
2eowlcfs8314y2lr,qm5k8p4q0b8ic8bb,4,15,2,0,1,450.0,0,0,0
j4bwvf8guas173ri,tcs4cc5o7uubcxul,3,13,2,0,0,240.0,1,0,0
qaelyyzz0jdcli69,84u89yjb1qx6gvwr,4,22,1,0,0,-1.0,0,0,1
ebe5407k5w1jl6l9,c56t4ufel6246hid,3,15,1,1,0,-1.0,1,0,1
mhk403uxh9a1g7ir,tala753lc58drc11,3,9,1,0,3,360.0,1,0,0
l008uhbxlbc8nog8,qm5k8p4q0b8ic8bb,3,7,2,1,2,480.0,0,0,0
qnjvdpngwds9yxz7,6n7hv3izky22ubtx,3,23,4,0,3,720.0,0,0,1
z3mv1a0q24bozl01,5qbswrpbjek5rbw2,2,0,1,0,2,380.0,1,0,0
0k3wy8y2deg3zgar,vkizzqy72wx7ptx6,6,23,1,1,1,420.0,0,0,1
3omd4poru09bos07,8j5ecruyf38diuov,1,4,2,0,1,-1.0,0,0,0
vy74zq50op7xmr8f,f4zw9xa3kx7eedtj,3,10,3,0,2,405.0,0,0,0
3meiur9211u645vd,yzycwtiqj7yhl1c3,6,5,2,1,0,384.0,1,0,1
0dxme4po1i3msdn1,6n7hv3izky22ubtx,6,23,1,0,0,700.0,0,0,0
mo1pob7fu99259p5,er14ffyvnvqjt7ye,0,2,1,0,4,240.0,1,0,1
hkbm00e9kdts1fb2,w5py6b2knftu2gc5,0,11,3,0,6,120.0,1,0,0
z7x4iky3ufn0dsg2,8j5ecruyf38diuov,1,16,3,0,2,280.0,1,0,0
0pfsrq8stzqbfu7e,6n7hv3izky22ubtx,4,6,4,0,1,720.0,0,0,0
em5puu62rzv1sqqq,hv3a3zmf8mdd4v30,2,20,1,0,0,420.0,1,0,1
eugwubugr6e7ga2i,84u89yjb1qx6gvwr,6,1,2,0,0,300.0,0,0,0
f8yc8gzkdf6j76bi,er14ffyvnvqjt7ye,6,1,2,1,0,240.0,0,0,1
kodwh8n92tp6qaq3,tvazccblskrt05ui,4,23,3,0,0,372.0,0,0,0
ukpv8lymj1qi9mqv,f8e8ld4d6af58c2j,0,21,1,1,1,324.0,0,0,0
3mg1zaq7qhak7mdw,9v86wzs3t60rjiw1,3,21,2,0,0,468.0,0,0,0
ucecjuis2gy9ytju,vkizzqy72wx7ptx6,1,19,1,0,0,330.0,0,0,0
39iy87hlcwbpa274,8j5ecruyf38diuov,1,16,1,0,3,255.0,0,0,0
c2bvpdcb4owo52wq,tvazccblskrt05ui,1,6,3,1,1,492.0,0,0,1
gebevsxmvtfqvk8s,qm5k8p4q0b8ic8bb,1,22,1,0,3,330.0,0,0,1
wpfq2bhaiiwi08l0,z0yncxll4zklooke,3,7,3,0,5,400.0,0,0,0
hgjd3ex5mhqnngs2,5c34dxtad1ior56f,5,6,2,0,9,600.0,0,0,0
25485hcqxcs1xsrq,84u89yjb1qx6gvwr,2,21,1,0,1,360.0,1,0,0
d1ksibsmqpnrjapj,9tmqlizl08yg0jv1,5,8,1,0,2,420.0,1,0,0
9106ak32oouxqs1f,tvazccblskrt05ui,5,12,2,2,0,492.0,0,0,0
l0rxmip11ykvubf9,tvazccblskrt05ui,2,1,2,0,1,396.0,1,0,1
6nhksqnal6o9ep0o,er14ffyvnvqjt7ye,1,13,1,0,0,-1.0,0,0,0
5qu0k5qzzkw3gi60,8j5ecruyf38diuov,1,7,3,0,4,280.0,0,0,0
cd1lqjsqcz0n04oa,dswm31yihair4cow,1,21,2,0,4,270.0,1,0,0
1yfmhbyhz43xz6ol,5qbswrpbjek5rbw2,6,0,2,0,3,324.0,0,0,1
godlught7ehmgolo,f8e8ld4d6af58c2j,1,12,1,1,2,228.0,1,0,0
71eg1y9xca6qs0sz,5qbswrpbjek5rbw2,2,12,2,1,0,432.0,0,0,1
el2b2o31i0mhb792,z0yncxll4zklooke,6,20,1,0,6,60.0,0,0,1
pqfhpvku8h5r8mnq,er14ffyvnvqjt7ye,3,3,2,0,1,255.0,1,0,0
lzh6a50nooo0nl9c,er14ffyvnvqjt7ye,2,18,2,0,2,180.0,1,0,0
wyzxjqyjv84a1x7o,dswm31yihair4cow,0,17,2,0,5,270.0,0,0,1
07ol93aczsx0gnzh,c56t4ufel6246hid,5,3,2,0,0,-1.0,1,0,0
vrydc1au9dsav917,hv3a3zmf8mdd4v30,0,9,2,0,0,480.0,1,0,0
v5kz3nwxrog983am,hv3a3zmf8mdd4v30,6,20,2,0,1,510.0,1,0,0
se2kyt5gqexih1xd,7s55j2o7s3kkv9rf,2,21,2,1,0,540.0,0,0,1
7cm600x28pijkemv,w5py6b2knftu2gc5,3,20,3,0,7,360.0,1,0,0
tqf74rqvfx2zvl9e,hv3a3zmf8mdd4v30,3,21,1,1,2,420.0,1,0,0
9x49tmy91otkzh4o,qh7m35ixokc1msy4,1,9,1,0,2,280.0,0,0,1
n9ygcmr8esmpf0ie,tvazccblskrt05ui,5,4,2,2,0,492.0,1,0,1
6iv9rydvn9zkelz5,5qbswrpbjek5rbw2,3,14,1,0,0,180.0,1,0,1
aqlbuxdj1dek8g9x,5c34dxtad1ior56f,1,10,2,0,10,372.0,1,0,0
tvj0ptjxfq8y7fhw,vkizzqy72wx7ptx6,5,23,3,0,1,420.0,0,0,0
nmj5ian8nd7g0l3r,er14ffyvnvqjt7ye,4,8,1,1,3,228.0,1,0,1
xfuj7xn1ypqpmqk8,tvazccblskrt05ui,3,21,1,0,0,528.0,0,0,1
y7eryyteag3aptm9,vz41nam148p0tvhh,2,3,6,0,1,360.0,0,0,0
44krjawo778s6764,9tmqlizl08yg0jv1,6,8,5,0,3,320.0,1,0,0
nn6tj9xpf0a5zdke,9v86wzs3t60rjiw1,3,20,2,1,1,468.0,0,0,0
82emayb3pvarkcpw,tala753lc58drc11,5,3,2,0,4,660.0,0,0,0
b97pwdbolwimrsxk,9v86wzs3t60rjiw1,6,8,1,0,2,384.0,1,0,0
t5l0n2tnxhn5e0ev,5qbswrpbjek5rbw2,6,23,4,0,0,-1.0,0,0,0
6qz6cp7savzebu2y,dswm31yihair4cow,4,7,2,0,0,-1.0,1,0,1
zj4kjeitkx7je5b9,7s55j2o7s3kkv9rf,6,13,3,0,0,-1.0,0,0,0
jax57u0y8jwvhplh,5c34dxtad1ior56f,4,7,1,0,11,600.0,0,0,1
vcci68ds03vna31x,5qbswrpbjek5rbw2,0,15,3,1,1,324.0,0,0,0
cywe3dks4f6apfxi,f4zw9xa3kx7eedtj,1,22,3,0,3,-1.0,0,0,0
ywk5jrnj622592ff,5qbswrpbjek5rbw2,1,20,4,1,2,345.0,0,0,0
prtt3nupuy0zia9a,9v86wzs3t60rjiw1,2,4,2,0,3,520.0,0,0,1
f0zpbdurvfffia3o,7s55j2o7s3kkv9rf,3,14,2,1,1,540.0,0,0,0
t37szpf9s9ehwhg0,qm5k8p4q0b8ic8bb,2,0,1,1,0,312.0,0,0,1
ha6gh7idub9rbdl9,er14ffyvnvqjt7ye,3,10,2,0,0,195.0,0,0,0
q5dz53x1f8s0x7m2,5qbswrpbjek5rbw2,2,10,3,0,3,384.0,1,0,0
dl7fkndg1jrj5xfe,6n7hv3izky22ubtx,1,4,3,0,2,520.0,0,0,1
0i3a4kfocnqdqx6q,yzycwtiqj7yhl1c3,4,14,1,0,0,384.0,0,0,0
91c329hha1pjgfjc,yzycwtiqj7yhl1c3,2,21,2,0,1,360.0,1,0,1
6u3u6h0ufx3030a6,dswm31yihair4cow,6,15,2,0,0,-1.0,1,0,0
hhgy8nnkl3er9om3,9v86wzs3t60rjiw1,3,3,2,1,0,468.0,1,0,1
da7d0wtws3y4h1te,tala753lc58drc11,4,4,1,0,5,660.0,1,0,0
ba24s0lgupuowob7,vz41nam148p0tvhh,3,15,2,0,2,580.0,1,0,1
aa1fwt9ua09w1gxh,er14ffyvnvqjt7ye,4,2,3,0,1,384.0,1,0,0
orac8cynl63gaguv,tcs4cc5o7uubcxul,0,16,2,0,1,336.0,1,0,0
yejhdzxq3p87jh4z,f8e8ld4d6af58c2j,5,16,4,0,3,204.0,1,0,0
jov58toe3pgihnfl,li7kq1uymrlrmjkv,2,9,2,0,0,460.0,0,0,0
1llh2r9peglnukx4,5qbswrpbjek5rbw2,2,5,2,1,4,348.0,1,0,1
ozq48enwbbadlypg,yzycwtiqj7yhl1c3,3,20,1,0,0,420.0,1,0,1
e5158oqesux9l0ij,tala753lc58drc11,4,21,1,0,6,276.0,0,0,1
41lqfs6hn95s2gkf,li7kq1uymrlrmjkv,4,1,3,1,1,460.0,0,0,1
pnbn7gggjvsdbide,yzycwtiqj7yhl1c3,1,18,4,0,0,360.0,1,0,0
dszrk6ilcg6farmg,hv3a3zmf8mdd4v30,0,17,1,0,3,528.0,0,0,1
2mrmtxjq3kmsx54r,qh7m35ixokc1msy4,5,22,1,0,0,330.0,0,0,1
6q8sjy5op9lbsmwp,9tmqlizl08yg0jv1,1,1,2,0,4,-1.0,1,0,0
lpxajmk4x1fdj9hv,6n7hv3izky22ubtx,4,10,1,0,0,576.0,0,0,0
ohkk7qg24dsysymm,tvazccblskrt05ui,1,6,3,2,0,492.0,1,0,0
q1s4dj9dv3uy5evs,hv3a3zmf8mdd4v30,6,18,1,0,0,480.0,0,0,0
dhr3pceo934t3y4w,li7kq1uymrlrmjkv,3,15,1,1,0,460.0,0,0,0
fkeoubxxq6mf5qaf,vz41nam148p0tvhh,5,3,1,0,0,580.0,1,0,0
vgzsxjzvuv3cb0ix,6n7hv3izky22ubtx,5,22,2,2,1,520.0,1,0,1
v47lzn9uhjpkhf33,dswm31yihair4cow,4,17,2,0,1,312.0,0,0,0
sm642pw5uesdrbta,6n7hv3izky22ubtx,6,10,2,0,0,520.0,1,0,0
bph5ch3l16cr3uv4,hv3a3zmf8mdd4v30,0,18,1,1,1,480.0,0,0,0
a2hvnyarnnezteew,yzycwtiqj7yhl1c3,1,8,4,0,1,360.0,0,0,0
bmxikvrecjtr0m6h,qh7m35ixokc1msy4,6,10,1,0,0,330.0,1,0,1
te02bip18a4jvk8c,f8e8ld4d6af58c2j,4,0,1,0,4,240.0,1,0,0
v1m3pp00cdnzy47q,w5py6b2knftu2gc5,0,20,3,0,8,180.0,1,0,0
3veuljgqpq8r4hc7,84u89yjb1qx6gvwr,6,0,2,0,2,360.0,1,0,1
zczjjy4mzvmcpsil,9tmqlizl08yg0jv1,6,22,2,1,5,360.0,0,0,0
hlz02z7nuxf1x889,vkizzqy72wx7ptx6,1,3,5,1,2,330.0,1,0,0
yq8ocucnri2i397i,tala753lc58drc11,0,6,2,0,0,-1.0,0,0,0
0ebpy9e576mouze6,6n7hv3izky22ubtx,1,9,3,0,1,720.0,0,0,1
vnxnpsv8dkmu6u4p,hv3a3zmf8mdd4v30,3,7,1,1,2,576.0,1,0,1
917xfh41a68t2a3a,c56t4ufel6246hid,3,10,2,0,1,-1.0,1,0,1
0lsjws1zl7p72l4x,f4zw9xa3kx7eedtj,1,23,3,0,4,480.0,0,0,0
uhgpjnvwrxgkikr2,6n7hv3izky22ubtx,5,0,1,1,0,504.0,1,0,0
vybjh4oulyo3pjbr,6n7hv3izky22ubtx,2,9,3,0,1,420.0,0,0,0
1cbht94ozkfnotia,w5py6b2knftu2gc5,4,19,3,0,9,120.0,0,0,0
z1oa3vf02gvllsaj,li7kq1uymrlrmjkv,4,16,2,1,1,510.0,1,0,1
i9oinuxl39dg5rif,qm5k8p4q0b8ic8bb,5,4,1,1,0,384.0,0,0,0
zs49cdzn1f0fp8bp,qm5k8p4q0b8ic8bb,5,23,1,0,1,396.0,1,0,1
nvqhl097fzrlgq9a,7s55j2o7s3kkv9rf,0,13,2,0,2,510.0,0,0,0
7uxhvdhguesxnu4v,9v86wzs3t60rjiw1,6,20,2,0,0,510.0,1,0,0
eunnrlst54884z4u,w5py6b2knftu2gc5,5,21,2,0,10,384.0,1,0,1
hmhvl66sajxxo9zj,hv3a3zmf8mdd4v30,6,1,2,0,0,576.0,0,0,1
4epzl4j4x0ly66g9,vz41nam148p0tvhh,5,8,1,0,1,-1.0,0,0,0
lueq4d7d7gdlwaga,hv3a3zmf8mdd4v30,4,8,2,0,0,504.0,0,0,0
gkzjrumxqw3b4nth,tcs4cc5o7uubcxul,0,6,2,0,2,180.0,1,0,0
x6ldm6frm6gmft1p,9v86wzs3t60rjiw1,5,5,4,0,1,540.0,1,0,0
bs7587h91el88l12,8j5ecruyf38diuov,1,7,3,0,5,280.0,1,0,0
hrnqi7nl7olky5vt,7s55j2o7s3kkv9rf,1,4,2,2,3,468.0,0,0,0
flyrj8gosd3m0xo3,vz41nam148p0tvhh,6,9,2,0,2,504.0,0,0,1
8egp15ca8zjsw5pq,9tmqlizl08yg0jv1,0,16,1,0,6,288.0,1,0,0
ogtefr6mqw7673ub,f8e8ld4d6af58c2j,3,8,1,0,5,312.0,0,0,0
2u9wt2ybuh7jygsb,tala753lc58drc11,5,14,2,1,1,276.0,1,0,1
pvtruml3f4rtgoox,8j5ecruyf38diuov,1,17,1,0,6,240.0,1,0,1
09ntn8eohdk5199t,9tmqlizl08yg0jv1,1,13,1,1,7,390.0,1,0,0
a31xyduppgbivscu,qh7m35ixokc1msy4,4,19,2,1,0,330.0,0,0,0
lk6hqiv929sevl7f,tcs4cc5o7uubcxul,0,20,1,0,3,270.0,0,0,0
ko31nzsxpefj31eg,yzycwtiqj7yhl1c3,3,22,2,0,2,456.0,0,0,0
fsa5uzlzukzyf2ev,w5py6b2knftu2gc5,4,7,3,0,0,120.0,1,0,1
n7x5rrnycihfv0eh,dswm31yihair4cow,6,5,3,1,2,300.0,0,0,0
qsi2g74izg9jj007,yzycwtiqj7yhl1c3,1,15,4,0,3,360.0,1,0,1
ap6zpxvw19jojwlr,8j5ecruyf38diuov,4,23,2,0,0,324.0,1,0,0
my3gdilk1qy7hylg,qm5k8p4q0b8ic8bb,5,14,1,0,0,396.0,0,0,1
lu1a7boxfqj3hxj3,qm5k8p4q0b8ic8bb,1,9,3,0,0,432.0,1,0,0
rkvndxjn7de0l1of,7s55j2o7s3kkv9rf,0,1,4,0,4,492.0,0,0,0
5gqqlyzj0aeoorbt,f8e8ld4d6af58c2j,0,3,1,0,6,240.0,1,0,1
uqxgcy3q69flguq2,er14ffyvnvqjt7ye,4,6,2,0,2,240.0,1,0,0
f1hgav42t8llihkp,8j5ecruyf38diuov,6,12,1,0,1,336.0,1,0,0
60e1erv0lg92mjeq,li7kq1uymrlrmjkv,2,7,2,0,0,510.0,1,0,1
b4gasfqbvh0kw3pg,z0yncxll4zklooke,4,15,2,0,0,60.0,0,0,0
nvsfa6d9er94tevw,9tmqlizl08yg0jv1,4,4,2,0,8,400.0,1,0,0
digxl9ysu51epxu7,vkizzqy72wx7ptx6,6,20,1,1,3,612.0,1,0,1
wtek17m6j3rtxyms,qm5k8p4q0b8ic8bb,5,8,2,1,1,396.0,0,0,0
h4ha0mvf4s2ni8tn,li7kq1uymrlrmjkv,2,22,1,1,0,510.0,0,0,0
czyh0vc1frf899of,hv3a3zmf8mdd4v30,4,7,2,1,1,552.0,0,0,1
wqxke0qc96mj9n6e,w5py6b2knftu2gc5,1,6,2,1,0,384.0,0,0,1
k0jjsp49cd3irvxd,w5py6b2knftu2gc5,1,21,1,1,0,330.0,1,0,0
m24us73w1yaua8d7,yzycwtiqj7yhl1c3,0,19,2,2,0,435.0,1,0,0
12grdmt28ll6dowx,9v86wzs3t60rjiw1,3,7,2,0,2,540.0,1,0,0
hdv5ojzto7d835ku,er14ffyvnvqjt7ye,4,9,2,0,3,348.0,1,0,0
otuo4uw590z92jn6,qm5k8p4q0b8ic8bb,6,12,2,0,2,480.0,1,0,0
xt9qubwrp8guucm5,7s55j2o7s3kkv9rf,0,17,4,0,5,456.0,1,0,1
8ftylavzme9wt00i,li7kq1uymrlrmjkv,6,14,1,0,1,660.0,0,0,0
djhmxcqdj5cuyda9,6n7hv3izky22ubtx,2,19,1,0,2,516.0,1,0,0
gf3bbt873lkmgs6r,w5py6b2knftu2gc5,6,15,1,0,1,380.0,1,0,1
z4dsxlsutothlqh7,5qbswrpbjek5rbw2,3,7,2,1,0,384.0,1,0,1
tx0tbkg8b350sgnz,8j5ecruyf38diuov,0,13,1,0,2,-1.0,1,0,0
93n4bfiy5pu5wh50,5c34dxtad1ior56f,6,6,2,0,0,336.0,0,0,0
ctg08zzkk4j1o5hd,6n7hv3izky22ubtx,4,4,4,1,3,720.0,0,0,1
910baf4jgq6cn8si,w5py6b2knftu2gc5,4,13,1,0,0,380.0,1,0,0
yaacnu41bta3runy,tala753lc58drc11,6,5,1,2,0,276.0,0,0,1
pkbo549ewho5qq8q,hv3a3zmf8mdd4v30,2,9,1,2,0,552.0,1,0,0
xk31wbhtfnsgpyny,9tmqlizl08yg0jv1,5,20,1,0,9,480.0,0,0,0
a5b4l6hfh4n6v3rz,hv3a3zmf8mdd4v30,5,10,2,2,1,612.0,0,0,0
5rr1v9npuqarymmd,tvazccblskrt05ui,0,17,3,2,1,348.0,0,0,1
9njs96algxzj9mj9,vz41nam148p0tvhh,2,5,6,0,0,450.0,0,0,1
om7ztrj67dxlse33,vz41nam148p0tvhh,3,12,2,1,0,504.0,0,0,0
wce77gzdpyhznwg3,tala753lc58drc11,6,4,2,0,0,405.0,0,0,0
9fwvvskp30tx8j1c,w5py6b2knftu2gc5,5,4,3,0,1,360.0,0,0,0
m3nkrt0igyo5l28o,qm5k8p4q0b8ic8bb,3,5,2,1,3,420.0,0,0,0
rjhrf34jgvrp4rxm,9v86wzs3t60rjiw1,3,17,3,1,3,336.0,1,0,0
5n8cqphli5l692tu,7s55j2o7s3kkv9rf,1,21,2,2,0,492.0,0,0,0
v68jq12jf4ciwl3r,qm5k8p4q0b8ic8bb,0,11,3,1,4,396.0,1,0,0
khkbxpn19qnfpl7q,hv3a3zmf8mdd4v30,3,21,2,1,2,492.0,1,0,0
kuu5czeccfs7i19m,84u89yjb1qx6gvwr,4,9,2,0,0,360.0,1,0,0
ibhif5sl1ya1ryzt,7s55j2o7s3kkv9rf,0,13,4,2,1,456.0,0,0,0
1jh6oxqq8y1hend7,tcs4cc5o7uubcxul,3,13,2,0,4,240.0,1,0,0
nl9vfruk94iw54w4,f8e8ld4d6af58c2j,5,11,1,0,0,240.0,1,0,0
ew8257ge0q5zjauc,tcs4cc5o7uubcxul,0,15,2,0,5,270.0,0,0,1
8gy39bu4uz2z0kdn,c56t4ufel6246hid,6,4,3,0,0,-1.0,0,0,0
dje7xqty6m79fmw0,vz41nam148p0tvhh,4,1,2,0,1,-1.0,0,0,0
toxou0y9ixfy1z68,dswm31yihair4cow,0,16,2,0,3,480.0,0,0,0
pmozknhpvrwbrblb,tala753lc58drc11,0,4,2,0,1,444.0,0,0,0
0i9bl14hoae527ps,9v86wzs3t60rjiw1,1,11,1,2,4,432.0,1,0,0
a1361bgmy4iqz6df,f4zw9xa3kx7eedtj,4,0,3,0,5,320.0,0,0,0
si7eadghxtur8xue,9v86wzs3t60rjiw1,0,12,2,1,5,288.0,0,0,0
rdnwt2fes5cs9ui1,6n7hv3izky22ubtx,4,23,4,2,0,520.0,1,0,1
5x1fvk1pbcd6fxno,li7kq1uymrlrmjkv,0,23,3,1,2,390.0,1,0,0
twcw75vi7lig9gmy,z0yncxll4zklooke,6,11,2,0,1,480.0,1,0,0
h23gxrirjutfvj83,f4zw9xa3kx7eedtj,5,19,3,1,6,432.0,0,0,0
n2b4jtj27yh6uamw,tala753lc58drc11,6,10,1,1,2,312.0,0,0,0
w93eioiv67kayp44,f8e8ld4d6af58c2j,2,13,1,1,1,204.0,0,0,0
4vnzvzn2hloikivq,9v86wzs3t60rjiw1,0,22,2,1,6,264.0,0,0,0
4xv349n1d6dzbc7q,f4zw9xa3kx7eedtj,5,15,2,0,7,372.0,1,0,1
a8vc1j2t2tngtg2l,f4zw9xa3kx7eedtj,6,11,3,0,0,396.0,0,0,0
cnaq2yotos87mvz0,yzycwtiqj7yhl1c3,3,11,1,0,1,492.0,1,0,0
f520xkiaiprqq5qo,w5py6b2knftu2gc5,6,12,2,0,2,312.0,0,0,0
ad0ucswnqmwmln2v,5c34dxtad1ior56f,2,5,2,0,1,-1.0,1,0,1
nobk8hup3ftj6ac4,vkizzqy72wx7ptx6,6,20,2,0,0,492.0,1,0,1
lxsy4vy32i3pj7k9,f8e8ld4d6af58c2j,5,18,4,0,2,240.0,1,0,1
w8x17copo9mnlr97,5c34dxtad1ior56f,5,1,2,0,0,495.0,1,0,0
x9age9ny3mub6lbu,7s55j2o7s3kkv9rf,0,0,4,2,2,456.0,0,0,1
rikomfrq8lx3p724,tala753lc58drc11,2,9,1,0,3,288.0,0,0,0
7tv7hrbfgcb4jgrx,5qbswrpbjek5rbw2,4,21,2,1,0,384.0,1,0,0
srkhgbammwmd18hf,f4zw9xa3kx7eedtj,0,22,3,0,1,390.0,1,0,1
8c3pq5u74ij643yu,84u89yjb1qx6gvwr,5,11,1,0,1,300.0,0,0,0
xrutt247o0gxapli,vkizzqy72wx7ptx6,0,19,2,0,0,420.0,0,0,0
4ai2278eqe12qeyk,tala753lc58drc11,4,8,1,0,4,300.0,1,0,0
mmo1ds3hgw10c9ix,84u89yjb1qx6gvwr,0,4,1,1,2,-1.0,1,0,0
s1vrtt1e32witpbd,vkizzqy72wx7ptx6,5,10,1,0,1,-1.0,0,0,0
v4ndjm5gh2ij4tt4,li7kq1uymrlrmjkv,6,21,1,0,3,-1.0,1,0,0
odf76img7zd3q0e0,dswm31yihair4cow,5,22,1,0,4,480.0,0,0,1
ki4epxr9ogjegxey,8j5ecruyf38diuov,0,21,2,0,3,372.0,0,0,0
5loxyphwhm54xr8p,tala753lc58drc11,0,19,3,1,5,336.0,1,0,1
ih548jrpe2xn9txf,84u89yjb1qx6gvwr,5,20,1,0,3,312.0,1,0,0
7w9a8lytuagdl1j2,li7kq1uymrlrmjkv,0,13,1,0,4,510.0,1,0,0
ueobqt0d9tzhhnba,tala753lc58drc11,0,6,2,0,0,312.0,1,0,0
a43holdu7jpmmqza,f8e8ld4d6af58c2j,2,23,3,0,0,348.0,0,0,0
5kyfc6ranty6d1hf,w5py6b2knftu2gc5,3,6,3,0,3,360.0,0,0,0
4qlv724hk1qdu2eb,vkizzqy72wx7ptx6,3,21,1,0,2,600.0,0,0,0
tjlegp4h2hwswczt,li7kq1uymrlrmjkv,4,9,1,0,5,540.0,0,0,0
p6xcw8afmne6x1jd,tala753lc58drc11,6,15,1,0,1,480.0,1,0,0
wd0jfneo2s9nblgu,dswm31yihair4cow,5,18,2,2,0,380.0,0,0,0
75jt660j08xtr5ig,yzycwtiqj7yhl1c3,6,13,2,0,2,528.0,0,0,0
0thl2c53k9om115b,f8e8ld4d6af58c2j,5,12,4,1,1,240.0,1,0,0
dizs3j0evzymkx9k,f8e8ld4d6af58c2j,3,13,1,0,2,348.0,1,0,0
vwhholi54087ws1l,f4zw9xa3kx7eedtj,6,16,2,1,0,372.0,1,0,0
rzjk9e0oawhn2ecl,z0yncxll4zklooke,5,16,3,0,2,468.0,1,0,0
pd7z4kso03w2mrop,z0yncxll4zklooke,0,20,1,0,3,-1.0,0,0,0
7h81jmbptpdwr1xf,z0yncxll4zklooke,3,3,3,0,4,504.0,1,0,0
wednya3s9ucku7zq,dswm31yihair4cow,0,1,2,0,1,408.0,0,0,1
6ktnn8ildaslw9hg,er14ffyvnvqjt7ye,4,16,3,0,4,348.0,0,0,1
xghu9ivlx6x6sxua,hv3a3zmf8mdd4v30,6,10,2,1,3,480.0,1,0,0
umw7hu3d3513lm7e,9v86wzs3t60rjiw1,5,13,2,0,7,720.0,1,0,0
9e9nhcgw33a8ncxc,er14ffyvnvqjt7ye,4,0,1,1,0,216.0,1,0,0
c7501oeea20rwrnb,5c34dxtad1ior56f,6,1,2,0,1,420.0,0,0,0
q7qh96ycfnhp39lq,tala753lc58drc11,3,1,1,0,2,276.0,1,0,0
ihjdqdfq2yggafdr,yzycwtiqj7yhl1c3,6,1,1,2,3,435.0,0,0,0
gylbi18a2vzpy9qz,li7kq1uymrlrmjkv,5,4,1,1,6,384.0,1,0,0
m97yofcx7culoqvb,w5py6b2knftu2gc5,0,2,3,1,4,375.0,1,0,1
yske5m0swxkqtq36,7s55j2o7s3kkv9rf,6,23,1,1,0,510.0,0,0,0
vrt4upr44esh9bxl,6n7hv3izky22ubtx,4,19,1,2,0,465.0,0,0,0
2mnj7ovhm3kwwetu,5c34dxtad1ior56f,6,7,2,0,2,312.0,0,0,0
ov5it2ni9suon8rj,5c34dxtad1ior56f,6,2,2,0,3,444.0,0,0,0
szujb4hllqlld0n5,tcs4cc5o7uubcxul,6,6,1,0,0,180.0,0,0,0
zsuv41amisu1o67u,tala753lc58drc11,0,6,2,0,3,-1.0,0,0,0
82lzwge8683ple45,vz41nam148p0tvhh,0,15,2,0,2,492.0,1,0,1
p0ykkswnwzf8y7p6,84u89yjb1qx6gvwr,1,5,2,0,4,300.0,1,0,0
4ev5xwwc05sorhtm,tcs4cc5o7uubcxul,3,14,1,0,1,312.0,1,0,0
340nxidb5z8xgqhp,li7kq1uymrlrmjkv,5,20,2,0,7,510.0,0,0,1
cktf6ln824tl7je0,8j5ecruyf38diuov,0,20,2,1,4,240.0,1,0,0
upflyv16zhz3e88s,5c34dxtad1ior56f,1,15,2,0,4,444.0,0,0,0
h0znsgwoc4191hkk,5qbswrpbjek5rbw2,6,7,4,0,1,-1.0,0,0,0
0xdhj5sc36u9cyrv,8j5ecruyf38diuov,2,15,3,0,5,252.0,1,0,1
6bwbem0tpi70hkgn,tvazccblskrt05ui,3,2,2,0,0,144.0,0,0,0
fke4vzn8z4c0x2hy,tvazccblskrt05ui,6,8,1,0,1,528.0,1,0,0
a97pnfircvcz8p5a,tvazccblskrt05ui,2,15,2,0,2,144.0,1,0,0
u1qp2wnv2mk48j4e,6n7hv3izky22ubtx,0,11,1,3,1,465.0,1,0,0
ts3yqfbz9zqhbqiq,yzycwtiqj7yhl1c3,2,9,1,0,4,468.0,0,0,0
jbeahy5ho37pjpo3,vkizzqy72wx7ptx6,4,8,1,2,3,492.0,0,0,0
6b0ji1t3uzzzulyz,tala753lc58drc11,3,14,1,3,4,336.0,0,0,1
nukondhkbrjiglg0,vz41nam148p0tvhh,4,22,2,0,0,492.0,1,0,0
do4xxwxj46t9dnzw,5c34dxtad1ior56f,5,0,2,0,5,540.0,1,0,1
e1q5ms7upspag3jb,9tmqlizl08yg0jv1,0,9,2,0,10,-1.0,0,0,0
f0o7y4xbbmzj22pm,li7kq1uymrlrmjkv,0,4,1,0,0,300.0,0,0,0
zkvnijwaqlcaudf9,vz41nam148p0tvhh,1,1,1,1,1,516.0,1,0,0
qupwckh3v10m1v39,li7kq1uymrlrmjkv,3,13,2,0,1,-1.0,1,0,1
rjwpx5zj2o4q067c,qh7m35ixokc1msy4,4,15,1,1,1,330.0,1,0,0
w7w8twt2i9owp7nl,z0yncxll4zklooke,1,17,3,0,5,-1.0,1,0,0
cyc3t13hlozesjnc,6n7hv3izky22ubtx,6,19,2,3,2,408.0,0,0,0
lpf37l5rptbq818g,yzycwtiqj7yhl1c3,5,0,2,0,5,576.0,1,0,0
7p4efg1q8rxlelca,7s55j2o7s3kkv9rf,4,14,1,2,1,456.0,0,0,0
e5gv7p2a2q9ojf3c,9tmqlizl08yg0jv1,5,16,1,0,11,-1.0,0,0,0
leu1s5n18bypknxm,5c34dxtad1ior56f,0,13,3,0,0,444.0,0,0,0
kx0rb5tngcrzxc4v,5qbswrpbjek5rbw2,6,12,2,1,2,420.0,0,0,1
20szork64mgj78jp,7s55j2o7s3kkv9rf,6,2,3,0,2,-1.0,1,0,0
502upvsf5yc9luer,c56t4ufel6246hid,6,5,1,0,1,540.0,0,0,1
fextb7f5hg57zuhf,tala753lc58drc11,0,16,2,1,0,228.0,0,0,1
dkn2k7it7xxdsbrp,9tmqlizl08yg0jv1,3,2,1,0,12,-1.0,0,0,0
vpcayp9ypdax6kdd,f8e8ld4d6af58c2j,5,12,1,1,3,240.0,0,0,0
0uonqaipt6ur9xrw,9tmqlizl08yg0jv1,0,19,2,1,13,420.0,1,0,0
nkc419u772ns8erk,5c34dxtad1ior56f,3,22,2,0,1,228.0,0,0,0
vq356j0je3mkr4l2,li7kq1uymrlrmjkv,1,19,1,1,0,396.0,0,0,1
9s7v55kcrx6sfjqd,6n7hv3izky22ubtx,4,17,1,1,3,384.0,1,0,1
9xlp0bn85p3ebq3v,tala753lc58drc11,1,19,2,0,0,384.0,0,0,1
mvkqe4dwz79hlth1,vz41nam148p0tvhh,2,17,2,1,2,180.0,1,0,0
pc59p0qvhzjkthkg,tvazccblskrt05ui,0,12,2,0,3,525.0,1,0,1
fu0ab76lbwla9di8,9v86wzs3t60rjiw1,3,5,3,1,8,336.0,1,0,0
7y96yg626m8a41zb,7s55j2o7s3kkv9rf,3,16,1,0,3,444.0,0,0,0
qt7zvnbi1cao8w81,tvazccblskrt05ui,2,13,2,0,0,132.0,0,0,0
8m1inufncc8uuxop,5c34dxtad1ior56f,0,2,2,0,2,-1.0,0,0,1
5aoq14mafmar9leo,dswm31yihair4cow,5,16,2,0,0,408.0,1,0,0
iw8uoja5enp2wa6m,dswm31yihair4cow,6,5,2,0,1,-1.0,1,0,0
scqqavaqdmfztgp8,dswm31yihair4cow,2,23,1,0,2,444.0,0,0,1
uq9gynsz117r1z4c,z0yncxll4zklooke,6,0,1,0,6,324.0,1,0,0
e8cdk9x0740c98uz,f4zw9xa3kx7eedtj,0,19,3,0,1,390.0,0,0,1
b1edmbjhy3m2i3qm,tcs4cc5o7uubcxul,1,1,1,0,2,-1.0,0,0,0
7bi8tjwofc57paco,tala753lc58drc11,2,8,2,0,0,580.0,1,0,0
ohl1zumkvgg4np4d,vz41nam148p0tvhh,0,11,2,1,3,492.0,1,0,0
07fil3dvyjhmie89,tala753lc58drc11,5,5,3,0,1,-1.0,1,0,0
2oyyr2ozz9z76mh8,qm5k8p4q0b8ic8bb,3,8,2,0,5,396.0,1,0,0
7ldm1vl7uo4g4iq9,vkizzqy72wx7ptx6,1,12,3,2,4,492.0,1,0,1
h3qoxqd66bx0rtmg,qh7m35ixokc1msy4,6,16,1,0,2,-1.0,1,0,0
brxfx3at253iqquo,6n7hv3izky22ubtx,3,6,1,1,0,432.0,0,0,0
7ry0cgq4hpviu21h,hv3a3zmf8mdd4v30,5,3,1,2,4,552.0,0,0,1
z8m6xhigx1pzgsva,tvazccblskrt05ui,0,4,3,2,1,276.0,0,0,1
3hbaeom43t6uu8z8,5c34dxtad1ior56f,5,22,2,1,0,540.0,1,0,0
w1k9m94uzxy4g8on,hv3a3zmf8mdd4v30,6,0,2,1,0,480.0,0,0,0
l481xlaxhnoc2xi3,5qbswrpbjek5rbw2,6,22,3,1,0,330.0,1,0,0
juyun9vqr2c23ag9,vz41nam148p0tvhh,2,19,6,1,4,360.0,0,0,1
rcp6i29gpo1qmutw,li7kq1uymrlrmjkv,3,2,1,1,0,510.0,1,0,0
gebec41rn9uq7rza,z0yncxll4zklooke,4,2,1,0,7,324.0,1,0,0
omzqb09uw8pdwxez,hv3a3zmf8mdd4v30,2,9,2,2,1,492.0,0,0,0
1wmkxi9157khz22k,8j5ecruyf38diuov,2,7,3,0,0,252.0,0,0,1
se00hu3x5u7df891,z0yncxll4zklooke,2,15,2,0,8,324.0,0,0,0
u4nc0iba65d2h5lo,c56t4ufel6246hid,1,3,1,0,0,540.0,1,0,0
hc7tbh6go70bilkj,9v86wzs3t60rjiw1,2,23,2,0,9,336.0,0,0,0
nub5xx9pkqgbhlft,c56t4ufel6246hid,1,8,1,0,1,540.0,0,0,1
ludhaahop0e62n3p,tvazccblskrt05ui,3,15,1,3,0,456.0,1,0,0
btq82327aqff2k5c,tvazccblskrt05ui,5,20,1,0,1,480.0,1,0,1
nxi5p2qfs7glb82m,yzycwtiqj7yhl1c3,5,2,3,0,6,408.0,1,0,1
z9t30b69c45ry27v,f4zw9xa3kx7eedtj,1,16,1,1,0,348.0,1,0,0
egyyj5n860ath9kp,tvazccblskrt05ui,1,19,1,0,0,660.0,1,0,1
qjzgpxf50ojqrlg6,5qbswrpbjek5rbw2,1,15,3,0,1,360.0,1,0,0
l1zopqzfo30x8bnm,8j5ecruyf38diuov,0,0,2,0,0,312.0,0,0,0
8gc0s6enfppro6du,tala753lc58drc11,4,9,1,0,2,264.0,1,0,1
0no8ol0v0hxef73g,w5py6b2knftu2gc5,4,14,1,0,0,336.0,1,0,0
ov9jydfzdtc5payg,w5py6b2knftu2gc5,2,18,2,0,1,276.0,0,0,1
fp3g21cqtp3174gu,7s55j2o7s3kkv9rf,2,13,1,0,4,-1.0,1,0,0
k1acfsf6zfy40i6q,9tmqlizl08yg0jv1,5,20,4,0,14,420.0,0,0,1
dxj1wqqoqsd8p4xt,li7kq1uymrlrmjkv,4,8,3,2,1,396.0,1,0,0
su8mijpw105uvqwf,vkizzqy72wx7ptx6,5,6,2,1,0,465.0,1,0,0
24eqkq7mou3dn1tj,vkizzqy72wx7ptx6,3,19,1,0,1,432.0,0,0,0
tjs1a5ugxbrytivr,c56t4ufel6246hid,4,20,1,0,0,-1.0,1,0,0
a8mku1gpt49pusrz,tcs4cc5o7uubcxul,0,23,2,0,3,420.0,1,0,0
x8u73nkbf2e6wprl,c56t4ufel6246hid,3,14,2,0,1,330.0,0,0,0
d3iia38k0hf36c0o,5c34dxtad1ior56f,2,14,2,0,1,600.0,0,0,0
vkymzlo9lndcmb4b,5c34dxtad1ior56f,4,0,3,0,2,252.0,1,0,0
qj4vbisbhtp5ch3s,8j5ecruyf38diuov,6,14,2,0,1,180.0,0,0,0
lx70r3sdudprk5r0,vz41nam148p0tvhh,1,20,3,0,0,516.0,0,0,0
yettruti7zfztos6,hv3a3zmf8mdd4v30,5,23,2,1,2,444.0,1,0,1
ms804bfpv0v6443k,8j5ecruyf38diuov,3,13,4,1,2,260.0,1,0,0
c0whs14eci9rtj6u,tala753lc58drc11,2,19,2,0,0,468.0,0,0,0
8a4leo0eu2ci4eur,qm5k8p4q0b8ic8bb,0,23,3,1,6,444.0,1,0,0
72th1fphmzoim2ca,z0yncxll4zklooke,2,2,2,0,9,372.0,1,0,0
besirq4tp1na6ksn,vkizzqy72wx7ptx6,0,11,1,1,2,492.0,1,0,0
te9afpp7sdwyqtuv,9tmqlizl08yg0jv1,1,13,1,0,0,-1.0,1,0,0
51m4i3l0q4ejhxpt,c56t4ufel6246hid,2,16,1,0,2,330.0,1,0,0
hkrajiaa67mswpat,f4zw9xa3kx7eedtj,5,15,3,1,1,432.0,1,0,0
y4jufn24xcrwdwf1,6n7hv3izky22ubtx,3,5,4,1,1,468.0,1,0,0
d3bgnpyhrfozg7fb,tala753lc58drc11,6,9,2,1,1,312.0,1,0,0
2hqg2xgdh3u0rcof,hv3a3zmf8mdd4v30,2,19,1,1,0,444.0,1,0,0
1k26gfxamhv1f070,f4zw9xa3kx7eedtj,0,11,1,2,2,384.0,1,0,0
e83mtebdud8t7d2t,5qbswrpbjek5rbw2,4,21,2,1,2,420.0,1,0,0
99dbk4epbo01717h,9tmqlizl08yg0jv1,5,20,4,0,1,300.0,0,0,1
cf0r7fa6ahhcasik,5c34dxtad1ior56f,6,7,2,0,3,600.0,1,0,1
er70ut100wnt0k98,f4zw9xa3kx7eedtj,5,2,1,0,3,-1.0,1,0,0
lxtnjs18l9gj4anl,er14ffyvnvqjt7ye,1,11,2,0,1,324.0,1,0,0
16yfeiq7ka8obm5r,7s55j2o7s3kkv9rf,0,9,2,0,5,456.0,1,0,0
epcgwluk5o5cvhjo,9tmqlizl08yg0jv1,6,17,5,0,0,336.0,0,0,0
a0pl8109jnb5x69p,dswm31yihair4cow,1,23,3,1,0,396.0,1,0,0
tfldy3ygqaop3772,vz41nam148p0tvhh,5,15,2,0,1,-1.0,1,0,0
o73ku99eljhb051t,yzycwtiqj7yhl1c3,5,16,2,0,0,360.0,0,0,1
w1tcfi4plmvk5sgc,7s55j2o7s3kkv9rf,4,11,1,1,6,408.0,1,0,0
eol0ta8rd05n9hcz,hv3a3zmf8mdd4v30,3,0,2,1,1,444.0,1,0,1
xo2dwn717yw1bsdx,w5py6b2knftu2gc5,3,23,1,0,0,120.0,1,0,1
q2vcieopts2q4ehv,hv3a3zmf8mdd4v30,3,1,1,0,0,324.0,1,0,1
q8bgj5g1hog8ev2n,dswm31yihair4cow,2,7,2,1,1,408.0,1,0,0
beokfcrahb73sj2k,z0yncxll4zklooke,2,21,2,0,10,468.0,0,0,1
6nz1z9zo2i5wllda,dswm31yihair4cow,1,16,1,1,2,384.0,1,0,0
ldinusmjn7byvf0a,6n7hv3izky22ubtx,5,10,1,0,2,396.0,1,0,0
xcdl9t15kck4zynf,6n7hv3izky22ubtx,5,9,1,0,3,468.0,1,0,0
hm08opevhtz4voyb,7s55j2o7s3kkv9rf,0,3,2,0,7,456.0,1,0,0
4pjagxlq0s5rmjpc,vkizzqy72wx7ptx6,6,19,1,0,3,580.0,1,0,0
perpckwtejtuin74,6n7hv3izky22ubtx,0,19,1,0,4,468.0,0,0,0
5173c7q25y7khg4g,qm5k8p4q0b8ic8bb,0,11,1,0,7,420.0,0,0,0
w9lzhvez9rtd6enm,f8e8ld4d6af58c2j,6,10,3,1,4,444.0,1,0,0
stka0914abazd84v,hv3a3zmf8mdd4v30,6,14,1,2,0,444.0,1,0,0
fnxl4cw09k2yb4u3,yzycwtiqj7yhl1c3,0,2,2,2,0,456.0,1,0,1
e8jjfupmvl5vecf8,tala753lc58drc11,5,13,2,1,2,336.0,1,0,0
irio74jlys7jd6z6,7s55j2o7s3kkv9rf,3,16,1,2,8,420.0,0,0,0
1dxkxb4rvwjveyje,f8e8ld4d6af58c2j,4,3,3,0,5,444.0,0,0,0
51v9pd57fqtkpcsw,tcs4cc5o7uubcxul,1,8,3,0,4,260.0,0,0,0
wln2otg5adg0xwg5,w5py6b2knftu2gc5,4,5,3,0,0,444.0,0,0,1
gyboa763bupgrkbz,9v86wzs3t60rjiw1,5,17,4,0,10,456.0,0,0,0
boo703b95ohs7aui,5qbswrpbjek5rbw2,5,13,1,0,3,300.0,1,0,1
zoj3e0qqxnn861py,tcs4cc5o7uubcxul,1,11,3,0,5,260.0,1,0,0
5khl1crhm22snju9,yzycwtiqj7yhl1c3,6,8,1,1,0,288.0,1,0,0
5r7goklva2uhtjpk,84u89yjb1qx6gvwr,3,23,2,1,5,540.0,1,0,0
e51o762nkys30u7f,qm5k8p4q0b8ic8bb,6,21,1,2,8,396.0,0,0,1
jpshoxxaoz5e7ggo,qm5k8p4q0b8ic8bb,4,4,2,1,0,372.0,1,0,0
sw419a42w44wufeq,7s55j2o7s3kkv9rf,6,23,3,0,9,432.0,1,0,0
u1swyutfefz811id,8j5ecruyf38diuov,4,19,2,0,3,180.0,1,0,0
yemu9q9vcmtgn9t8,vkizzqy72wx7ptx6,6,12,2,0,4,492.0,1,0,0
e5s517dxj17x6xda,5qbswrpbjek5rbw2,5,5,1,0,0,-1.0,0,0,0
8tx134l8xafsumux,vkizzqy72wx7ptx6,0,23,2,0,5,300.0,0,0,0
c1g7h6jjlvwgj9y5,qm5k8p4q0b8ic8bb,1,19,2,1,1,420.0,0,0,0
uo3zin1a7kne1ybm,c56t4ufel6246hid,0,6,1,3,3,330.0,0,0,0
sjzo98iboq18oveu,f4zw9xa3kx7eedtj,1,4,2,0,4,348.0,0,0,0
vv6v3v020iltr9uq,9v86wzs3t60rjiw1,6,5,4,2,11,432.0,0,0,1
9ob6kb9z7fw0c20x,tvazccblskrt05ui,4,18,3,1,0,480.0,1,0,1
0yzkawzfsi3b79p7,5c34dxtad1ior56f,3,0,2,0,0,228.0,1,0,1
7qodsu9f16x14ai7,84u89yjb1qx6gvwr,6,11,3,0,6,492.0,0,0,0
x8fmw4vchrhbkgk9,w5py6b2knftu2gc5,6,5,1,1,0,408.0,0,0,0
w9y49dz8ftmjn8b3,6n7hv3izky22ubtx,2,8,1,1,5,372.0,0,0,1
bai3al6eja1v2tg2,hv3a3zmf8mdd4v30,0,22,2,2,1,324.0,0,0,1
lvm8nyzhhizebg9k,9v86wzs3t60rjiw1,4,19,2,0,0,720.0,0,0,0
5ch4fodmjmbfogev,qh7m35ixokc1msy4,5,18,1,1,3,372.0,1,0,1
6176c1k03u0up229,5qbswrpbjek5rbw2,1,6,1,1,1,300.0,0,0,0
l3obopab05dwjate,yzycwtiqj7yhl1c3,3,13,2,3,1,440.0,0,0,1
u38bwtb5q787xjjw,tala753lc58drc11,5,15,3,0,3,180.0,1,0,0
1oo5vyfrrloa8o34,qh7m35ixokc1msy4,4,2,2,1,0,372.0,0,0,0
08p3lbsungkhvluc,5qbswrpbjek5rbw2,6,11,2,1,2,432.0,1,0,1
4ohl5thlvjyqtayb,qh7m35ixokc1msy4,5,12,1,1,1,408.0,1,0,0
2eu4kb57l1376qwv,tcs4cc5o7uubcxul,5,11,3,0,6,372.0,0,0,1
2skhkxvs6aylld4y,w5py6b2knftu2gc5,1,7,1,0,1,276.0,1,0,0
6rqh7o0zbo70b2au,tvazccblskrt05ui,6,12,2,1,0,132.0,0,0,0
ngqeua73abzgs9w2,w5py6b2knftu2gc5,5,7,2,0,2,-1.0,1,0,0
j6sb053akzxfp5ke,er14ffyvnvqjt7ye,4,12,2,0,2,216.0,1,0,0
ypz7f638zkrg6wmz,5c34dxtad1ior56f,4,3,2,0,0,600.0,1,0,0
h0unl0ut5jaysywu,f8e8ld4d6af58c2j,1,7,2,0,6,255.0,0,0,0
yokr78l1mrd8jpab,qm5k8p4q0b8ic8bb,4,5,2,2,2,396.0,1,0,0
hotpsilqbcaig5k7,tcs4cc5o7uubcxul,0,13,1,2,0,372.0,1,0,1
rr43ur4mfjhojalb,vkizzqy72wx7ptx6,3,8,3,1,6,516.0,1,0,0
jf5428mt9fsv5q4f,vkizzqy72wx7ptx6,2,16,1,1,7,516.0,1,0,0
ev2sos7dpi1g6bx0,f8e8ld4d6af58c2j,5,21,4,1,7,240.0,1,0,0
72dtf2533uot477i,li7kq1uymrlrmjkv,0,20,3,1,2,444.0,0,0,0
wqyt39uzc2plhs95,9tmqlizl08yg0jv1,3,2,2,2,1,300.0,0,0,0
sos58yofvyg72vwm,9tmqlizl08yg0jv1,4,2,3,0,2,480.0,0,0,1
5bvh2vft6i6s7pk6,yzycwtiqj7yhl1c3,0,18,3,1,0,360.0,1,0,0
6hlmb4lybedrv5ij,5qbswrpbjek5rbw2,6,11,1,1,0,320.0,0,0,0
9ewo7tcbw5qqb5i9,9tmqlizl08yg0jv1,6,23,2,0,0,-1.0,1,0,1
r1sheurq7vzfpdou,z0yncxll4zklooke,4,13,2,0,0,160.0,0,0,0
u2aqhknqjge0utx7,f4zw9xa3kx7eedtj,6,11,3,0,5,420.0,0,0,0
n6zjuy3k0e34tkwi,6n7hv3izky22ubtx,4,19,3,0,0,468.0,0,0,1
8a906k37e4ey9jvb,vz41nam148p0tvhh,1,13,3,0,2,180.0,1,0,0
4ckom5f33dnrehu2,w5py6b2knftu2gc5,0,20,1,1,3,420.0,1,0,0
90mczh7827jtrg6i,hv3a3zmf8mdd4v30,2,10,2,3,0,324.0,0,0,0
heykukpxpsbtnbdz,z0yncxll4zklooke,0,12,1,0,1,396.0,1,0,0
pe14ot4fpuh7znjz,z0yncxll4zklooke,4,19,1,1,2,432.0,0,0,0
oblj0ua9o6h0feeb,9v86wzs3t60rjiw1,3,12,2,0,1,384.0,0,0,0
gn92f0j3okeksk2v,dswm31yihair4cow,3,19,1,0,3,408.0,1,0,0
gqio1mgn8nl4j1of,dswm31yihair4cow,1,12,2,1,4,440.0,0,0,0
ihuy7ew1tmik5z9r,5qbswrpbjek5rbw2,0,15,1,0,1,288.0,0,0,0
a2otkqxw112cd4ys,8j5ecruyf38diuov,3,7,2,2,4,324.0,0,0,0
uf0ue99oh12pgx40,hv3a3zmf8mdd4v30,4,23,2,1,1,480.0,0,0,1
cygo6zudo9aythhd,5qbswrpbjek5rbw2,3,7,1,1,2,276.0,0,0,1
xhytdbu2j085rhcj,6n7hv3izky22ubtx,3,17,4,2,0,240.0,0,0,1
otb85vif81j67kjf,tala753lc58drc11,6,13,1,1,4,156.0,0,0,0
52dy739kq5f7uxke,tcs4cc5o7uubcxul,5,2,2,0,0,150.0,1,0,0
rwe9eukifm5ci7hb,84u89yjb1qx6gvwr,5,22,3,0,7,492.0,0,0,0
vws6moku8hcnvw0p,9tmqlizl08yg0jv1,0,22,2,1,0,408.0,0,0,0
c4xj4a3s8pgbzq35,yzycwtiqj7yhl1c3,1,23,2,2,1,348.0,1,0,0
guktq5smvvbjb1jv,tvazccblskrt05ui,2,12,1,1,1,132.0,0,0,0
ezx8ub1sb7ac6dk5,qh7m35ixokc1msy4,5,9,1,0,2,-1.0,0,0,1
y7in1r6x8yiu1yd3,li7kq1uymrlrmjkv,4,20,2,1,3,525.0,1,0,0
6ap8ubk6s2pn0npi,8j5ecruyf38diuov,2,11,1,0,5,420.0,1,0,0
fwojq44g23tyifjh,vkizzqy72wx7ptx6,5,19,1,0,8,384.0,1,0,0
ajnc9hxwmvm74lt3,9v86wzs3t60rjiw1,4,7,1,1,2,432.0,0,0,0
geyv6nh44o9318ei,w5py6b2knftu2gc5,6,3,1,0,4,204.0,0,0,1
azxpngmzyzc0mvaq,84u89yjb1qx6gvwr,5,15,3,0,8,492.0,0,0,1
p2ek1hw67y9pppcg,f4zw9xa3kx7eedtj,6,23,3,0,6,420.0,0,0,0
awrpmehrtvce3sks,qm5k8p4q0b8ic8bb,4,12,1,1,3,444.0,0,0,0
jmxsnwer8zdxhyou,tvazccblskrt05ui,2,9,1,1,2,660.0,0,0,0
lm86r4yl1w9jpkpf,c56t4ufel6246hid,6,1,3,0,4,120.0,1,0,0
5zg80zwvhyjeedp2,qm5k8p4q0b8ic8bb,0,19,1,1,4,420.0,0,0,1
kxqhxtdqy89fiq0f,li7kq1uymrlrmjkv,6,1,4,1,4,420.0,1,0,0
a8b5yk7e315h9h4y,tvazccblskrt05ui,6,19,2,2,3,336.0,0,0,0
7kzb5fw1duhbx6ad,dswm31yihair4cow,2,10,1,0,5,336.0,0,0,0
imnschlsxjxrqmbb,c56t4ufel6246hid,4,19,1,0,5,315.0,1,0,0
zrddn7p29euq3puz,84u89yjb1qx6gvwr,3,22,1,1,0,204.0,0,0,0
9uv1ffofq1rucl37,f4zw9xa3kx7eedtj,3,2,1,0,7,516.0,0,0,0
cl5nkdi2qg6tuq54,7s55j2o7s3kkv9rf,4,5,3,0,10,384.0,0,0,0
6fbf4fkkhyb0r3x9,qm5k8p4q0b8ic8bb,3,0,3,1,0,432.0,1,0,1
jazf7489nzhqhzed,w5py6b2knftu2gc5,5,11,3,1,0,252.0,0,0,1
z6pbbouzy46v57hl,9v86wzs3t60rjiw1,5,3,1,1,3,372.0,0,0,0
ah78y3on2fol4vfz,tvazccblskrt05ui,2,15,1,0,4,444.0,0,0,0
5ox05zhi646nz3ha,6n7hv3izky22ubtx,0,18,3,0,0,720.0,0,0,1
ct71wb0bjhppipg6,c56t4ufel6246hid,1,3,2,0,6,252.0,0,0,0
bmth2i5p7vwkfu90,er14ffyvnvqjt7ye,0,22,2,1,3,420.0,0,0,0
7psxmdx52f7gfpps,vz41nam148p0tvhh,0,3,2,0,3,336.0,0,0,1
udlwrflvrktgu8tl,z0yncxll4zklooke,6,17,1,0,3,-1.0,1,0,1
e9sb5mbzgjzg8u6m,84u89yjb1qx6gvwr,1,18,1,0,1,456.0,0,0,1
m9f4oheun5a8xaej,vkizzqy72wx7ptx6,5,7,2,1,9,480.0,1,0,1
no1rbn62nk7hlcnp,vkizzqy72wx7ptx6,2,2,1,1,0,384.0,1,0,0
93sibxqnq76kf5o2,vz41nam148p0tvhh,2,13,1,1,0,468.0,1,0,0
0aqk711uzq6rf8lw,5c34dxtad1ior56f,6,8,1,0,1,-1.0,0,0,0
5fqjyyiir41g20df,f4zw9xa3kx7eedtj,2,8,2,2,8,396.0,0,0,0
ymmcwpbv6cidr6k3,7s55j2o7s3kkv9rf,2,22,3,0,11,480.0,1,0,0
101jd1bje9xoawcu,f8e8ld4d6af58c2j,4,0,3,0,8,444.0,1,0,1
0pydg1ki17tbs4dk,7s55j2o7s3kkv9rf,0,18,4,1,12,396.0,1,0,0
kakj6szxi5n6dbxf,z0yncxll4zklooke,0,4,1,0,0,300.0,0,0,0
ydbsiwfviuclhq2e,tvazccblskrt05ui,1,8,3,0,5,228.0,1,0,0
irw50lmbvsqoi2jv,li7kq1uymrlrmjkv,5,13,2,0,5,510.0,1,0,0
dindlfdttnibth05,z0yncxll4zklooke,1,7,1,1,1,300.0,0,0,0
pgbmczdbraeiu5ax,6n7hv3izky22ubtx,3,0,4,2,0,372.0,0,0,0
vqriqye1sofpvoeo,tala753lc58drc11,5,7,2,0,5,516.0,0,0,0
k25gp0a8d2odkwdg,er14ffyvnvqjt7ye,5,12,3,2,4,312.0,1,0,0
akhy7i0ycm90f89v,f4zw9xa3kx7eedtj,1,23,3,2,9,396.0,1,0,0
tqv9ob3mqw20x3rk,er14ffyvnvqjt7ye,5,5,1,1,5,252.0,0,0,0
rwy8zoi9hdv9nm30,er14ffyvnvqjt7ye,3,6,2,0,6,195.0,1,0,0
1xac9m2zeh9h72iq,tala753lc58drc11,3,3,1,0,6,444.0,1,0,1
y7t3f49hwfl8mpj4,f4zw9xa3kx7eedtj,6,20,1,0,10,396.0,1,0,0
oujj30tldo1va1qo,9tmqlizl08yg0jv1,1,20,2,0,1,300.0,1,0,1
w6l87psch8q7qrer,6n7hv3izky22ubtx,1,21,3,0,1,468.0,0,0,0
l6dtxljk85jyyfk3,vz41nam148p0tvhh,3,8,1,1,1,285.0,0,0,1
tz6ql3e49yws3nc6,vkizzqy72wx7ptx6,2,17,1,0,1,600.0,0,0,1
minudc32gy422kkw,8j5ecruyf38diuov,0,10,2,0,6,384.0,0,0,1
jbp33giunwelajm3,vkizzqy72wx7ptx6,1,8,5,1,0,372.0,1,0,0
ethbvvjt8hjk0xys,qm5k8p4q0b8ic8bb,3,6,2,1,0,384.0,1,0,0
287qmrmplxc0padr,c56t4ufel6246hid,5,11,1,0,7,288.0,0,0,0
2imb30jguc3tglqk,8j5ecruyf38diuov,0,15,1,2,0,372.0,1,0,1
i045yhshzd14ftnm,8j5ecruyf38diuov,0,0,1,0,0,180.0,0,0,0
jyhvo2n0idc8hnyd,tcs4cc5o7uubcxul,5,20,1,0,1,492.0,0,0,1
6v3jr1njkiksmv4q,9tmqlizl08yg0jv1,1,11,2,0,0,456.0,0,0,1
qh1cv2xb402nmsik,w5py6b2knftu2gc5,0,9,3,1,0,432.0,1,0,0
0c03v1npcyvu049d,8j5ecruyf38diuov,2,22,3,3,1,324.0,0,0,0
y44tfw0znmvnswjf,9v86wzs3t60rjiw1,1,21,1,0,4,444.0,0,0,1
nbrqit4j0sgq53al,9tmqlizl08yg0jv1,0,10,3,0,0,540.0,0,0,0
kh87cyamnj8pl3m8,6n7hv3izky22ubtx,6,3,3,0,2,-1.0,1,0,0
349dq1gt7dht8d61,dswm31yihair4cow,5,18,2,2,6,432.0,0,0,0
gsf6k9kohd5mhbci,tala753lc58drc11,4,18,2,2,0,288.0,1,0,0
l5eu9vdow6jfpy77,qh7m35ixokc1msy4,0,16,2,0,0,210.0,1,0,0
f37fd3mwg24unftw,9tmqlizl08yg0jv1,6,1,2,0,1,375.0,0,0,0
q4uw0jgqevdm63l9,5qbswrpbjek5rbw2,1,23,1,0,0,320.0,0,0,1
yvmza5w8vloyhdow,9v86wzs3t60rjiw1,1,6,1,1,0,420.0,0,0,1
4add0gn7rvxq51wh,tvazccblskrt05ui,1,13,3,0,6,240.0,0,0,0
ipuv58ohcu0e0r3j,dswm31yihair4cow,5,3,1,1,7,372.0,1,0,0
fnb6sp0y3rora8k2,tcs4cc5o7uubcxul,2,4,1,0,0,300.0,1,0,0
qj8cw8n57ple0ewr,7s55j2o7s3kkv9rf,0,9,2,0,13,408.0,1,0,0
3cd24d0uxf7fs12h,li7kq1uymrlrmjkv,1,22,1,1,6,540.0,0,0,0
5pi2so0dmjpaifow,z0yncxll4zklooke,3,4,3,0,2,360.0,1,0,0
fs0gd5ml524hiarm,5qbswrpbjek5rbw2,3,2,2,3,0,300.0,0,0,0
z7vcrnfyjdl2mypj,8j5ecruyf38diuov,3,14,4,1,2,420.0,0,0,0
i1txd42gfau14bo8,qh7m35ixokc1msy4,1,10,1,1,1,408.0,1,0,0
temn8mjij8wlolxq,7s55j2o7s3kkv9rf,4,22,3,0,14,324.0,1,0,1
b261jx1oi0x8kaad,9v86wzs3t60rjiw1,5,1,3,3,0,420.0,1,0,1
n1bqg3dcmyxbd07q,qh7m35ixokc1msy4,0,23,2,0,2,160.0,1,0,1
qymhp9nymsorqetj,vz41nam148p0tvhh,4,13,1,1,0,324.0,1,0,0
up3czsaz46abqz21,f8e8ld4d6af58c2j,3,8,2,1,0,240.0,0,0,0
7d3y82fjxlfn7v2t,vz41nam148p0tvhh,0,15,1,1,1,360.0,1,0,1
yx1zdnqsamctxtyh,w5py6b2knftu2gc5,4,20,3,2,1,210.0,1,0,0
ghohs5ok6bu9xrdt,qm5k8p4q0b8ic8bb,2,5,1,0,1,348.0,0,0,0
ii3f4x2jpkvcbzyi,8j5ecruyf38diuov,1,19,1,0,3,390.0,1,0,0
ug9fo8qg87ci602m,9tmqlizl08yg0jv1,6,7,1,0,2,480.0,0,0,0
g4wani24rmju1ze5,qh7m35ixokc1msy4,4,17,1,1,0,160.0,0,0,0
craboqcucj7nl8j3,6n7hv3izky22ubtx,2,23,1,2,3,468.0,1,0,0
2qw44xriigup30l1,8j5ecruyf38diuov,6,11,1,1,4,444.0,0,0,0
q2v73zkr3db8uo5n,yzycwtiqj7yhl1c3,0,20,2,0,2,552.0,1,0,1
40ap00g5x5cs72rw,li7kq1uymrlrmjkv,3,5,2,0,7,-1.0,1,0,1
819etpg2o8xghiy1,yzycwtiqj7yhl1c3,6,15,2,2,0,348.0,0,0,0
5lfkemr4bn7j5ukr,9tmqlizl08yg0jv1,5,9,1,0,3,-1.0,0,0,0
2r48twqoybz8gicr,z0yncxll4zklooke,1,17,3,1,3,-1.0,1,0,0
u2g3rxokpi1tsqac,qh7m35ixokc1msy4,0,14,2,1,1,360.0,1,0,0
c5jo5l02moyqj3iz,7s55j2o7s3kkv9rf,6,4,1,2,0,312.0,1,0,0
qvioc0tsdwan0ur9,z0yncxll4zklooke,6,22,1,0,4,576.0,0,0,0
vsvdt7663c42xcv9,6n7hv3izky22ubtx,1,5,3,1,4,630.0,1,0,0
u92qq1xzqg1kwh54,84u89yjb1qx6gvwr,5,5,3,0,0,492.0,1,0,1
xxeq58wzuaczrre5,9tmqlizl08yg0jv1,5,7,3,2,4,468.0,0,0,0
eq3o6j8lu25wsevi,7s55j2o7s3kkv9rf,2,0,3,2,1,564.0,1,0,1
agp60q2oazfuuzwp,vkizzqy72wx7ptx6,5,5,2,0,1,600.0,1,0,1
zcp83juwliuvj40y,f8e8ld4d6af58c2j,3,14,1,1,1,150.0,1,0,1
pdgkrjwtg3fimlcb,f4zw9xa3kx7eedtj,1,15,3,1,11,408.0,1,0,1
ocvf34ei2brsv430,z0yncxll4zklooke,2,8,4,1,5,480.0,0,0,1
2gsx9oa2eo4cytn8,vz41nam148p0tvhh,3,12,2,0,0,528.0,0,0,0
yp6s0vdck1040vrs,tcs4cc5o7uubcxul,5,2,1,0,1,396.0,0,0,0
wxn91tfrsa8zfawt,dswm31yihair4cow,0,22,2,1,8,420.0,1,0,1
9nxmkto6jru7nspn,84u89yjb1qx6gvwr,3,2,2,1,0,540.0,1,0,1
abm4ml2iqr2ahnyr,tvazccblskrt05ui,0,14,1,0,7,396.0,0,0,0
zxvth4oqsrldhh2k,f8e8ld4d6af58c2j,4,12,1,0,0,264.0,0,0,0
nsrhdvnff2wcfie6,w5py6b2knftu2gc5,5,18,1,1,2,492.0,1,0,0
opz24heskjwbu2ol,er14ffyvnvqjt7ye,0,7,1,1,7,360.0,1,0,0
kb7456bfyw372viu,er14ffyvnvqjt7ye,2,7,1,0,8,360.0,0,0,0
ruyhcbjkhcd79uda,f8e8ld4d6af58c2j,2,17,1,1,1,540.0,0,0,0
schj31ole1qxrjb0,qm5k8p4q0b8ic8bb,1,12,3,1,2,444.0,1,0,0
anip3m7zum7od4c9,er14ffyvnvqjt7ye,6,7,2,2,9,360.0,1,0,1
jjcaxod97qq1q81h,8j5ecruyf38diuov,0,9,2,1,5,432.0,1,0,1
k83mvqiixkuozm7i,qh7m35ixokc1msy4,3,4,1,1,2,360.0,0,0,1
xqdq851zfszf7233,6n7hv3izky22ubtx,4,3,4,2,5,585.0,1,0,0
pbanxrilveznmo3u,9v86wzs3t60rjiw1,4,8,1,1,0,324.0,1,0,0
09o08ne4xlwg9ay2,tala753lc58drc11,1,16,2,1,1,468.0,0,0,0
f1tk83w1y6zuoeyh,li7kq1uymrlrmjkv,6,11,4,1,0,420.0,1,0,0
5ahc0okrcw9ibgje,tvazccblskrt05ui,4,6,1,0,8,456.0,0,0,0
f5226g5iuvwl47l6,9tmqlizl08yg0jv1,4,11,1,2,5,468.0,1,0,1
vslrdmzvxy16zgrr,hv3a3zmf8mdd4v30,5,18,2,0,0,444.0,0,0,1
tawmwur1z82h394l,er14ffyvnvqjt7ye,1,17,1,0,0,456.0,0,0,0
nu0fh2tn8b8zufjw,5c34dxtad1ior56f,1,3,2,0,2,324.0,0,0,0
ecqaktjypzrz1hoc,6n7hv3izky22ubtx,4,20,1,0,6,396.0,1,0,0
9eib0ta6yy5xhq3u,hv3a3zmf8mdd4v30,3,1,2,1,0,552.0,0,0,0
7opjqbtk0td0dof8,er14ffyvnvqjt7ye,4,21,2,0,1,240.0,0,0,1
nzze2tbst9xwi708,z0yncxll4zklooke,3,21,1,2,0,480.0,1,0,0
toh9jv8a6m66szve,9tmqlizl08yg0jv1,3,6,2,2,0,285.0,0,0,1
olrv4dgqvtaklof5,8j5ecruyf38diuov,2,22,1,0,0,420.0,0,0,0
vnasjp0esuswiy7k,li7kq1uymrlrmjkv,1,16,2,0,1,-1.0,0,0,0
rtsm3s08uwoxt118,5qbswrpbjek5rbw2,1,7,4,1,1,228.0,0,0,1
5ld8qu30ex7ki139,c56t4ufel6246hid,2,21,1,1,8,348.0,0,0,0
4q17ro9tns9hlb4y,li7kq1uymrlrmjkv,6,5,4,1,2,420.0,0,0,1
la6ovm8l10i187yo,li7kq1uymrlrmjkv,4,14,2,1,0,420.0,0,0,0
zlmq96fbejh9j7mj,f4zw9xa3kx7eedtj,0,7,1,0,0,516.0,0,0,0
xxwnkpziajn3mleo,9tmqlizl08yg0jv1,6,9,2,1,0,285.0,1,0,1
y3onx3f86ugyfunm,5c34dxtad1ior56f,1,7,3,1,3,420.0,0,0,1
6n0tgiyi04cvunxf,5c34dxtad1ior56f,2,9,1,2,0,420.0,0,0,1
t6267cgfx30ac9pu,f8e8ld4d6af58c2j,6,10,3,2,2,432.0,1,0,1
gqqqjr6jp3zjlq1b,z0yncxll4zklooke,3,17,3,0,1,216.0,1,0,0
cspm0os2c4xn98un,6n7hv3izky22ubtx,5,15,2,0,7,384.0,0,0,0
ap7eas0o5dgrx0b3,9tmqlizl08yg0jv1,6,10,5,1,0,96.0,0,0,1
bdtn0abmkry7iygc,6n7hv3izky22ubtx,1,14,1,0,8,396.0,1,0,0
mnyw0yfkoe2hk724,5c34dxtad1ior56f,4,13,1,1,0,420.0,1,0,0
m13qvbnk0scjwsh3,z0yncxll4zklooke,2,3,2,0,2,240.0,1,0,1
ycznyctopst9lifi,er14ffyvnvqjt7ye,6,1,2,1,0,240.0,0,0,0
xemltfu577tdv842,6n7hv3izky22ubtx,6,22,2,5,9,228.0,1,0,0
3mf3gq7p7swvtqqk,yzycwtiqj7yhl1c3,2,3,2,2,1,408.0,1,0,0
l99uj6safk9kkvp2,qm5k8p4q0b8ic8bb,1,6,1,2,3,408.0,0,0,1
dbzq7ib48g5x1rtw,f4zw9xa3kx7eedtj,6,10,3,1,1,456.0,1,0,0
zkwssnml4c7f4ygf,z0yncxll4zklooke,5,14,1,0,0,-1.0,1,0,0
fiy4gwt6d05hfa58,z0yncxll4zklooke,4,6,2,0,1,372.0,0,0,0
qij88agt3jw319wn,6n7hv3izky22ubtx,1,9,3,0,10,468.0,0,0,0
yet337az2b0fmkov,84u89yjb1qx6gvwr,0,21,1,1,0,420.0,0,0,0
io25na8ky60p0hzw,qm5k8p4q0b8ic8bb,4,21,1,2,0,456.0,1,0,0
ratlcezi8ubezsd1,yzycwtiqj7yhl1c3,0,2,3,1,2,288.0,0,0,0
xrsq97npwq6yk8mm,84u89yjb1qx6gvwr,1,8,2,2,1,564.0,1,0,1
ye46f7761xs1cxdc,5c34dxtad1ior56f,3,21,2,1,1,525.0,0,0,0
kc3n4g720k9azu9p,tvazccblskrt05ui,4,23,3,4,9,288.0,0,0,1
e6ifkatv82hk89js,er14ffyvnvqjt7ye,0,4,1,0,1,456.0,0,0,1
hdidvkbw8bttcno3,7s55j2o7s3kkv9rf,6,13,2,0,0,384.0,0,0,0
9zzcraxy6des1kl5,qh7m35ixokc1msy4,2,12,1,1,0,360.0,0,0,0
fzxfcn0eahrx0d9y,7s55j2o7s3kkv9rf,2,18,1,1,1,440.0,1,0,0
yiz9iycr0l32u5cx,9v86wzs3t60rjiw1,2,6,2,1,1,408.0,0,0,0
4rf4ltyytmjl5h16,hv3a3zmf8mdd4v30,4,19,2,2,1,516.0,1,0,0
pso6jprzdi1eodl6,c56t4ufel6246hid,1,5,1,0,9,276.0,1,0,1
ndnbhndvo02mzj86,9tmqlizl08yg0jv1,4,20,1,0,0,480.0,0,0,0
mopa94d8xerfhs2q,8j5ecruyf38diuov,5,22,1,0,1,324.0,0,0,0
bzuo7mtcoyj61ajs,c56t4ufel6246hid,0,2,1,1,0,348.0,0,0,0
nuk491rz84ems8e8,f8e8ld4d6af58c2j,3,21,3,1,0,216.0,1,0,0
d84bqq8dywwmoc0b,7s55j2o7s3kkv9rf,6,1,3,1,2,396.0,1,0,0
z4xutxbe5nw8r3mu,6n7hv3izky22ubtx,1,20,3,2,11,540.0,0,0,0
nx894i1q2g15r83y,c56t4ufel6246hid,0,2,2,0,1,-1.0,1,0,0
f10tb81ouvwxoatm,tala753lc58drc11,5,13,2,0,2,408.0,0,0,1
q3r1ss07zp3ufr41,hv3a3zmf8mdd4v30,0,1,2,2,2,276.0,0,0,0
leqmj1ssqvrua7bl,9v86wzs3t60rjiw1,3,15,2,0,2,396.0,0,0,0
b9131bnmpmxjorem,w5py6b2knftu2gc5,2,13,1,2,3,444.0,0,0,0
8sq633rgmudiiq1z,w5py6b2knftu2gc5,2,18,2,0,4,300.0,1,0,0
8ex6waqpv2xn7yrp,w5py6b2knftu2gc5,2,7,1,0,5,324.0,0,0,0
zwqx9vsnh0e9h2bv,tcs4cc5o7uubcxul,5,0,1,2,2,468.0,0,0,0
50sw1oq9rq53utiu,vz41nam148p0tvhh,0,20,2,1,1,456.0,0,0,0
jmvaum2kn2xhqshb,vkizzqy72wx7ptx6,4,17,2,2,0,580.0,0,0,0
jh9po2ubatpz00h4,qm5k8p4q0b8ic8bb,0,6,3,1,1,408.0,1,0,0
r7k7zxwuamrijpuk,tcs4cc5o7uubcxul,0,4,1,0,3,-1.0,0,0,0
0pv7tiqijb3swso0,qh7m35ixokc1msy4,6,15,1,2,1,432.0,0,0,0
yn3scsbllwnak2ho,tala753lc58drc11,2,11,2,1,0,288.0,1,0,0
zzw6b2klvhn4ozod,li7kq1uymrlrmjkv,2,3,2,3,1,420.0,1,0,1
6un63vv1e6w0bmed,er14ffyvnvqjt7ye,5,20,1,1,0,240.0,0,0,1
6849a7zvd8h3chuf,9tmqlizl08yg0jv1,1,18,2,0,1,276.0,1,0,1
620zx79v37prddtb,5c34dxtad1ior56f,3,17,2,1,2,525.0,0,0,0
c2h23mpxsv4daund,tvazccblskrt05ui,3,7,2,3,0,444.0,0,0,0
45zyrdb14jujum3a,vz41nam148p0tvhh,0,20,2,2,2,372.0,1,0,1
cfwawq4x6g4ywkoo,c56t4ufel6246hid,4,0,2,0,2,432.0,0,0,0
vqneoezoagve3ot7,tvazccblskrt05ui,0,22,2,4,1,468.0,1,0,1
ghf3obs0swv5qd8c,c56t4ufel6246hid,2,15,4,2,3,405.0,0,0,1
zadf5jj002jz2kb6,7s55j2o7s3kkv9rf,6,4,2,0,3,-1.0,0,0,0
r756ssx82ufl9mq1,tcs4cc5o7uubcxul,3,6,1,0,4,492.0,1,0,0
0ellcqsugabimi0g,qh7m35ixokc1msy4,0,14,1,0,2,348.0,1,0,0
4h6tvd1zodxrk6c2,5qbswrpbjek5rbw2,0,12,1,0,0,276.0,0,0,1
de4i3527fpwbabhw,6n7hv3izky22ubtx,2,10,3,0,12,408.0,1,0,0
vrjq9he6vb7hfg5l,8j5ecruyf38diuov,2,18,2,1,2,456.0,1,0,1
o91oa8nzf94e82xe,9v86wzs3t60rjiw1,0,13,1,0,3,324.0,1,0,0
xboxo5t9dhxj9s0u,5c34dxtad1ior56f,2,17,1,1,3,372.0,1,0,0
wtcommn9twn7gwr1,c56t4ufel6246hid,0,16,2,0,0,660.0,1,0,0
cm19attkprehvyro,vkizzqy72wx7ptx6,0,19,1,0,1,312.0,0,0,0
8d716jqvlw2v8m6i,li7kq1uymrlrmjkv,2,19,4,1,0,528.0,1,0,0
upfjn9d4xnywf5qe,9v86wzs3t60rjiw1,1,9,1,0,4,372.0,1,0,1
1b1mvhmn8533khzh,vz41nam148p0tvhh,4,6,2,0,0,360.0,1,0,1
w3w90m43i465xzea,9v86wzs3t60rjiw1,0,12,1,2,0,420.0,1,0,0
8sntht7ugvivk0b7,w5py6b2knftu2gc5,0,19,1,2,6,288.0,0,0,0
quh67qxj92650i48,9tmqlizl08yg0jv1,1,4,3,0,0,240.0,1,0,0
o9j5rwhhi4pjhl5n,tala753lc58drc11,6,4,2,1,1,408.0,0,0,0
t77viz75uerjvv88,7s55j2o7s3kkv9rf,2,21,1,2,4,276.0,0,0,0
jr8s1yktj82is1qp,vz41nam148p0tvhh,3,9,1,0,0,450.0,1,0,1
8p0lw3895tx69va9,f8e8ld4d6af58c2j,4,18,1,0,1,228.0,1,0,1
hav66m8m89bvv2j2,9v86wzs3t60rjiw1,6,14,1,1,1,300.0,1,0,0
7e6k52bi86mtzhsp,9v86wzs3t60rjiw1,6,4,2,0,2,465.0,1,0,0
pjem8sgnxy12xc6v,tvazccblskrt05ui,1,18,2,2,0,204.0,0,0,0
0sejokilp4vn2v27,z0yncxll4zklooke,0,9,3,0,2,240.0,0,0,0
sfkv3rqbrz56vk3u,tcs4cc5o7uubcxul,4,6,1,0,5,504.0,1,0,1
qw2nef1ffrm2738y,vz41nam148p0tvhh,4,11,2,0,0,444.0,1,0,0
hn8xz4osu2ma90ds,5qbswrpbjek5rbw2,2,21,1,1,0,315.0,1,0,0
yps859txadn2tvdn,er14ffyvnvqjt7ye,3,14,1,0,0,540.0,0,0,0
79cthk8qd11pi552,5c34dxtad1ior56f,4,19,2,0,4,660.0,0,0,0
vpivxsytp4julsxl,6n7hv3izky22ubtx,5,11,1,0,13,-1.0,0,0,0
2j8np9s8e9gf2fxx,8j5ecruyf38diuov,1,23,2,0,0,180.0,0,0,1
8ri72ln26yqo3693,li7kq1uymrlrmjkv,1,3,2,1,1,360.0,1,0,1
ojpgjjbkdypjz5ei,dswm31yihair4cow,3,23,2,1,0,396.0,0,0,1
u5rpzh4yybkhtab9,7s55j2o7s3kkv9rf,0,3,2,0,5,465.0,0,0,1
agwp82h6sgl5wr6z,6n7hv3izky22ubtx,2,12,1,1,14,396.0,0,0,1
cek2gpm4ghdomspf,f4zw9xa3kx7eedtj,1,9,4,0,2,408.0,1,0,0
tbul818cs4qyhgi2,vz41nam148p0tvhh,4,1,2,0,1,444.0,0,0,0
joj02wy0ufbc16lk,tvazccblskrt05ui,5,18,1,1,1,408.0,0,0,0
6e1jqqxf2a8jc3mz,9tmqlizl08yg0jv1,5,14,4,2,1,276.0,0,0,1
1i1ccmn3dn1gzcv9,7s55j2o7s3kkv9rf,6,10,1,2,0,480.0,1,0,0
r7nnuo5q5lf7gdxf,5qbswrpbjek5rbw2,1,15,1,2,1,312.0,1,0,0
cqbheyysm4yyq342,9tmqlizl08yg0jv1,4,11,3,2,0,276.0,1,0,1
2y93fm348ni747x2,7s55j2o7s3kkv9rf,5,3,1,2,1,432.0,0,0,1
rvn97y8xltnvv1gf,qh7m35ixokc1msy4,0,17,2,2,3,396.0,0,0,0
rhloe20rillpgey1,9tmqlizl08yg0jv1,6,11,2,1,0,348.0,0,0,0
2ujz4n1xl8yrr4ck,hv3a3zmf8mdd4v30,5,15,2,2,3,276.0,1,0,1
v4qmp5jhdt6293tl,9v86wzs3t60rjiw1,5,1,3,3,3,420.0,0,0,0
dsctxo6we815vn8l,hv3a3zmf8mdd4v30,4,10,4,1,0,444.0,0,0,0
k9ageiz2wzfikr41,z0yncxll4zklooke,0,22,1,1,3,480.0,0,0,0
u1dgej1dg6fwronb,qm5k8p4q0b8ic8bb,6,9,1,1,2,456.0,1,0,1
z5tpwy0tuzg2vg35,vz41nam148p0tvhh,2,22,6,5,2,360.0,1,0,0
f633bq6fwsklws8o,z0yncxll4zklooke,0,0,3,0,4,240.0,1,0,1
gfex6dcledo515ig,z0yncxll4zklooke,6,21,2,2,0,456.0,0,0,0
p23rb1w0xwxvtx6p,9tmqlizl08yg0jv1,5,4,3,3,1,528.0,0,0,0
y31zr7kq9mgm5p39,hv3a3zmf8mdd4v30,6,22,1,1,1,444.0,0,0,0
w1qxsr97jxi6qxcw,5qbswrpbjek5rbw2,0,1,1,4,2,432.0,0,0,0
u76uxv2o2qszo1i7,f8e8ld4d6af58c2j,0,9,2,1,0,255.0,1,0,1
uhyd07dvrmy93pom,tala753lc58drc11,6,19,2,1,2,324.0,1,0,1
gwtfcc2sw01m4y04,5qbswrpbjek5rbw2,3,15,2,2,3,264.0,0,0,0
9bp12uj3a3tsazk8,5c34dxtad1ior56f,6,17,2,1,5,630.0,0,0,0
cuu54heaglrhhkdo,w5py6b2knftu2gc5,5,18,3,2,7,252.0,1,0,0
8p4yedn2z2v17tz6,vkizzqy72wx7ptx6,6,5,1,1,2,600.0,1,0,1
rbnvl0os3x23iety,li7kq1uymrlrmjkv,6,1,2,0,0,456.0,1,0,1
nklgigcuj7ilpqfb,yzycwtiqj7yhl1c3,0,23,1,0,3,480.0,0,0,1
zyqzss8v5x6e9d70,li7kq1uymrlrmjkv,1,15,2,3,0,288.0,0,0,1
89tocp8fp1k8rzuo,hv3a3zmf8mdd4v30,4,16,2,2,2,276.0,0,0,0
5xj3y1xc2i92pv07,vkizzqy72wx7ptx6,1,15,5,1,0,312.0,1,0,0
d2fnc3cii1j0f53q,dswm31yihair4cow,0,21,1,2,0,396.0,1,0,1
oubb5g9lf52p9i13,f8e8ld4d6af58c2j,2,11,1,1,0,228.0,0,0,0
19l8oexntjw3x8gg,qm5k8p4q0b8ic8bb,4,8,2,0,0,408.0,1,0,0
v5wqhj2kegzrrj2j,er14ffyvnvqjt7ye,6,11,1,0,1,456.0,0,0,0
i59mxk2ade5jq4j9,8j5ecruyf38diuov,5,13,2,0,0,390.0,1,0,0
rhy1hnxiyyviwst8,7s55j2o7s3kkv9rf,5,15,2,0,0,-1.0,1,0,0
g00r5y52pdi47kah,tala753lc58drc11,3,7,1,3,0,312.0,0,0,0
m7z2tvb1kwvg8sze,hv3a3zmf8mdd4v30,2,6,1,2,3,324.0,1,0,0
c8eanr1cgwj9s8u2,5c34dxtad1ior56f,1,9,2,1,6,630.0,0,0,1
q46derg870sb9fyy,f4zw9xa3kx7eedtj,0,0,1,1,3,288.0,0,0,1
9zu1eh3366sqmqqw,vkizzqy72wx7ptx6,4,14,1,1,1,480.0,0,0,1
trmzrmt8am1kbw6g,84u89yjb1qx6gvwr,1,7,1,1,0,204.0,1,0,0
jod5jgk546d27z5q,7s55j2o7s3kkv9rf,0,5,4,3,1,408.0,1,0,0
swxqwlqb8kh4pjyv,er14ffyvnvqjt7ye,0,11,2,1,2,360.0,1,0,0
18y8f881en699fia,w5py6b2knftu2gc5,2,9,1,2,8,408.0,1,0,0
zhh6c6iwmgvl0twy,yzycwtiqj7yhl1c3,4,5,1,4,0,396.0,1,0,0
rl8huc036i6qgcmr,5qbswrpbjek5rbw2,6,10,3,1,4,168.0,0,0,1
sqpzygwezuv263fl,vkizzqy72wx7ptx6,1,19,1,2,0,600.0,1,0,0
xnalt4u6o3lpo738,qm5k8p4q0b8ic8bb,3,7,2,0,1,408.0,1,0,1
rcutreurfm0faczn,er14ffyvnvqjt7ye,0,6,1,0,3,240.0,0,0,0
igtgu6iac72syojt,c56t4ufel6246hid,2,3,2,0,1,288.0,1,0,1
hszdimopw9i93t3m,9tmqlizl08yg0jv1,1,20,3,0,2,240.0,1,0,1
lqzgh2ytesne8qpu,vkizzqy72wx7ptx6,5,0,2,0,1,600.0,0,0,0
f6e4ncbjm2gk9jyf,qm5k8p4q0b8ic8bb,3,7,3,2,0,408.0,1,0,1
l414cjffkk1mrn10,z0yncxll4zklooke,2,20,2,0,1,408.0,0,0,1
ily7e5rxrmjoppri,5c34dxtad1ior56f,3,10,2,0,0,252.0,0,0,0
cxhj4wupr4tw5s63,dswm31yihair4cow,0,13,2,1,0,420.0,0,0,1
82d0py9b7oxyvbz4,er14ffyvnvqjt7ye,4,7,3,0,4,360.0,0,0,0
oslqbw677lrc6g1h,qm5k8p4q0b8ic8bb,2,18,1,2,0,372.0,0,0,0
xijphgknx8y4t71m,qm5k8p4q0b8ic8bb,4,6,2,1,1,408.0,0,0,0
lob777ih0fuojjfa,vz41nam148p0tvhh,6,14,2,1,3,312.0,1,0,0
bc2fvfa2n1l9gfvn,6n7hv3izky22ubtx,3,21,1,2,0,396.0,1,0,0
ya8pfkpovyh73yul,qm5k8p4q0b8ic8bb,4,6,2,3,2,456.0,0,0,0
q3rwk3otzzrbyqgy,z0yncxll4zklooke,1,11,1,1,0,408.0,1,0,0
ssq98jj6jai71ywd,f8e8ld4d6af58c2j,3,0,2,1,1,360.0,1,0,1
x2h8v2wv3dyf7bnd,tvazccblskrt05ui,3,8,2,4,2,444.0,0,0,1
gevpg4gma4ixqwou,yzycwtiqj7yhl1c3,0,19,2,0,1,612.0,0,0,0
6rnckrpeqw6yqef8,li7kq1uymrlrmjkv,1,18,2,0,0,-1.0,0,0,0
5hjciy1gqff55dep,vkizzqy72wx7ptx6,1,8,5,1,2,276.0,1,0,0
8alls51piagwkr37,tvazccblskrt05ui,2,23,2,1,0,228.0,1,0,0
irjqr0u09xox3msl,yzycwtiqj7yhl1c3,6,19,2,1,2,588.0,0,0,1
jphnb5vngblcqzj8,tcs4cc5o7uubcxul,0,17,2,0,0,300.0,0,0,1
vlky7txece98j6zr,5qbswrpbjek5rbw2,0,7,1,0,0,288.0,1,0,0
efhazmiq5pxlgfwm,yzycwtiqj7yhl1c3,6,23,2,1,0,480.0,0,0,0
zj6wuopz2lntjyiu,5c34dxtad1ior56f,2,20,2,0,1,300.0,1,0,1
wcdpi2eyenyjym9o,9v86wzs3t60rjiw1,5,14,3,4,4,432.0,1,0,1
6j9lxg3wtk41ns6c,c56t4ufel6246hid,5,16,1,0,0,276.0,1,0,0
1ueiaq3j9x2hk5gy,dswm31yihair4cow,1,18,3,1,0,408.0,1,0,1
l09w7wap0o0n5wiq,5c34dxtad1ior56f,4,0,3,1,0,312.0,0,0,0
9cb61g9f7wo948we,f8e8ld4d6af58c2j,5,18,1,0,0,444.0,1,0,0
kkjjar4gztpzmns7,er14ffyvnvqjt7ye,2,20,1,1,5,504.0,1,0,0
opqzdnhjydak4u9m,tcs4cc5o7uubcxul,0,6,2,0,0,300.0,0,0,1
ddkoxn4kda24mks9,5c34dxtad1ior56f,5,23,2,2,1,444.0,1,0,0
r4u0000lg7703p24,f4zw9xa3kx7eedtj,6,17,1,2,0,528.0,1,0,0
8ubcisjpcjducefu,8j5ecruyf38diuov,3,4,2,0,1,300.0,1,0,1
ma2h5csrrqsx696g,li7kq1uymrlrmjkv,2,21,2,4,1,420.0,0,0,0
p2pxyw7dqtbf6bio,f4zw9xa3kx7eedtj,4,20,3,0,1,396.0,1,0,0
h1zdbnhlh3t0eyg8,c56t4ufel6246hid,4,13,2,0,1,360.0,1,0,1
0k3rf76pk90jez4u,tala753lc58drc11,1,18,2,3,1,312.0,0,0,1
j9u6v6z8kv8n0wcz,9tmqlizl08yg0jv1,0,11,1,4,0,276.0,1,0,0
lracv1vmb6kqb7yi,dswm31yihair4cow,6,15,3,1,0,408.0,1,0,1
hk0veyd5mlgmxzzx,tala753lc58drc11,4,15,2,3,0,348.0,1,0,0
o969up0noauneo5c,vz41nam148p0tvhh,3,1,1,0,4,444.0,1,0,0
znrkr1svohu7cfwj,w5py6b2knftu2gc5,3,7,3,1,9,288.0,0,0,0
35i9x4nm3a2gagph,8j5ecruyf38diuov,4,8,2,0,0,340.0,1,0,0
szkzn0lyimoes1ai,w5py6b2knftu2gc5,3,19,1,2,10,444.0,1,0,0
q2b7wpoozwrsxf8l,er14ffyvnvqjt7ye,5,11,3,3,6,348.0,1,0,1
jm4qyo3um330boqc,7s55j2o7s3kkv9rf,1,17,1,2,2,468.0,1,0,0
qrjdod4p4e6fe81d,8j5ecruyf38diuov,0,23,2,0,1,492.0,1,0,1
5c57tpwa05b64zvz,vz41nam148p0tvhh,4,5,1,4,5,285.0,0,0,0
ulibtt9paf667ztt,tala753lc58drc11,5,17,3,0,1,120.0,0,0,0
dwao4rk5gorloqvc,84u89yjb1qx6gvwr,6,20,2,1,1,204.0,0,0,0
evg4pl916yusl42n,tala753lc58drc11,5,9,2,1,2,516.0,1,0,0
41iu8tjhulursfha,f4zw9xa3kx7eedtj,5,15,2,1,2,408.0,1,0,0
qw3by1fuzy9op9nf,8j5ecruyf38diuov,5,3,2,0,0,375.0,1,0,0
of1xw53zg1igae7u,tcs4cc5o7uubcxul,2,9,1,0,0,324.0,0,0,1
bi7t9p2jmw6i4hap,w5py6b2knftu2gc5,4,4,3,2,11,444.0,0,0,0
mgpk3y8sf4fp4v8z,qm5k8p4q0b8ic8bb,6,3,1,1,3,348.0,0,0,0
avh094ipzgrspiw0,9tmqlizl08yg0jv1,1,8,3,0,1,240.0,0,0,0
egt3hfjy5fddsy1z,84u89yjb1qx6gvwr,0,3,1,0,2,492.0,1,0,0
od9gevguk1zg8isz,5c34dxtad1ior56f,3,7,2,2,2,660.0,1,0,0
mih6spgy5a9u18md,f4zw9xa3kx7eedtj,5,3,1,0,3,345.0,1,0,1
gagnps2xo7xochat,9tmqlizl08yg0jv1,6,18,2,3,2,468.0,1,0,0
jxi9b7c8do1p98sn,f4zw9xa3kx7eedtj,3,10,2,2,0,408.0,1,0,0
obxc56kvwpwmswd3,w5py6b2knftu2gc5,6,15,1,1,12,456.0,1,0,0
shjj4q2xaqgsaix9,w5py6b2knftu2gc5,3,20,1,0,13,504.0,1,0,0
f1uf3g86c2gs4ye4,7s55j2o7s3kkv9rf,3,7,1,0,3,520.0,0,0,0
3ygb1rv32ii8k179,f4zw9xa3kx7eedtj,1,12,3,2,1,336.0,1,0,1
3vbla91jy4xmalu6,f4zw9xa3kx7eedtj,1,4,4,0,0,408.0,0,0,0
y6tl71r2vo8phnck,li7kq1uymrlrmjkv,2,4,1,0,2,300.0,0,0,0
oevzrpe7pkubxdhq,tala753lc58drc11,5,5,2,0,3,336.0,0,0,0
05ostmg345k5dj3r,tvazccblskrt05ui,5,10,1,4,1,504.0,1,0,1
u8in2bhyaq6o60db,z0yncxll4zklooke,2,20,4,2,1,540.0,1,0,0
yp7vnsgolcbtl97p,er14ffyvnvqjt7ye,6,16,1,0,0,-1.0,1,0,0
uwowkzm925gzc2h6,5qbswrpbjek5rbw2,3,16,2,1,1,216.0,1,0,0
of19bp8b1vfo0gux,dswm31yihair4cow,1,20,1,0,0,348.0,0,0,0
9q7s44z78iy664l9,z0yncxll4zklooke,3,21,2,0,2,216.0,0,0,1
n2be6oormr9p95uz,dswm31yihair4cow,0,5,2,1,1,420.0,1,0,0
o7g5b0l8o9ics9jr,qm5k8p4q0b8ic8bb,2,6,1,3,4,492.0,1,0,0
bw9i5f1b3ppolxl0,c56t4ufel6246hid,5,11,2,2,0,384.0,0,0,0
qgi1pu7xnm3edep9,z0yncxll4zklooke,0,22,3,1,0,336.0,1,0,0
x7lofolangxcd285,vz41nam148p0tvhh,1,21,3,0,6,468.0,0,0,0
ye7pdjnl72pmff42,vz41nam148p0tvhh,1,5,3,0,7,180.0,0,0,1
2kx7x3536sr7i0sa,w5py6b2knftu2gc5,5,2,2,2,14,456.0,0,0,1
h8s3p2vw829dzup6,7s55j2o7s3kkv9rf,4,17,3,1,4,324.0,1,0,0
2j60v4n5fic40n8m,9tmqlizl08yg0jv1,6,16,2,2,3,312.0,1,0,1
tf075g514a9969tr,yzycwtiqj7yhl1c3,0,16,2,1,1,396.0,1,0,0
hj3kfxsmtsvawnwg,li7kq1uymrlrmjkv,2,0,4,1,3,444.0,0,0,0
432b62346a4ryaek,6n7hv3izky22ubtx,3,19,2,2,1,612.0,1,0,0
pxpqubpx8jrw1zdx,li7kq1uymrlrmjkv,6,10,4,2,4,420.0,0,0,0
hiwee5rqgqnyb9xs,z0yncxll4zklooke,2,8,4,1,1,540.0,0,0,1
0yq6w51ix2l1cnz0,w5py6b2knftu2gc5,0,22,3,1,0,336.0,0,0,0
2s1spz0ciuwkw9vz,5qbswrpbjek5rbw2,5,16,1,1,2,276.0,1,0,1
875yuztw32atxab0,w5py6b2knftu2gc5,5,3,1,0,1,348.0,1,0,0
azwmz6jxryx5zvom,li7kq1uymrlrmjkv,2,15,4,1,5,468.0,1,0,0
yyrh62e21trbxazv,dswm31yihair4cow,6,17,2,1,2,360.0,0,0,0
13jf46de7kios320,vkizzqy72wx7ptx6,3,15,3,1,3,516.0,0,0,0
siv34j008cydvxvx,5c34dxtad1ior56f,2,12,2,1,3,540.0,1,0,0
oze9mcjqq08zx54s,tcs4cc5o7uubcxul,4,13,1,3,0,324.0,1,0,1
oqzmkvzbdgvvvvdk,9tmqlizl08yg0jv1,2,14,1,3,0,336.0,0,0,0
rdevcjzxcv21rx6m,dswm31yihair4cow,6,14,2,1,3,360.0,0,0,1
mf4srn6m6xk7ox4r,f4zw9xa3kx7eedtj,4,11,2,0,1,312.0,1,0,0
10meatdux63rr8jp,dswm31yihair4cow,0,13,2,2,0,372.0,1,0,0
p6swcahktwi9b8ek,7s55j2o7s3kkv9rf,2,23,3,1,5,492.0,1,0,0
uvd1rznnwxss3svy,z0yncxll4zklooke,0,23,1,1,0,660.0,1,0,1
ixcijqn6c4w713qn,c56t4ufel6246hid,6,22,1,0,1,276.0,0,0,0
j7kex5devi5b9oin,f4zw9xa3kx7eedtj,1,13,1,1,2,345.0,1,0,0
qxt229q7ivqhxsip,84u89yjb1qx6gvwr,6,6,1,1,3,276.0,0,0,1
6080yapig8ofsmna,vkizzqy72wx7ptx6,5,10,2,1,4,204.0,0,0,0
qbssallhtahowrph,9tmqlizl08yg0jv1,5,8,4,3,1,312.0,1,0,0
7iu31e90gdrra5yu,li7kq1uymrlrmjkv,5,3,2,2,6,440.0,0,0,0
9mm201lda71yp6e9,dswm31yihair4cow,5,18,2,0,1,372.0,1,0,0
sf7akn207kioaypy,yzycwtiqj7yhl1c3,2,17,2,1,2,216.0,1,0,0
a5uy7nvlipmz6387,6n7hv3izky22ubtx,1,23,3,0,2,420.0,1,0,1
jx5w3ozybbbmv8tj,5c34dxtad1ior56f,2,20,2,2,4,660.0,1,0,1
86d6iwkvytndjjo9,vz41nam148p0tvhh,0,5,2,1,0,396.0,0,0,0
ntwxwqqih11dp6g7,c56t4ufel6246hid,6,17,3,0,2,372.0,1,0,0
jx42eh0qbvrpagtg,dswm31yihair4cow,1,0,3,1,2,312.0,1,0,0
klmdh3pfdt75mcay,tcs4cc5o7uubcxul,6,15,1,0,0,312.0,1,0,0
ygwr70iofifoq6pk,yzycwtiqj7yhl1c3,2,0,2,2,3,320.0,0,0,0
f505oj38ayix6xhg,6n7hv3izky22ubtx,4,17,3,1,0,420.0,1,0,1
daok3fpt55hty6xn,f8e8ld4d6af58c2j,4,17,3,0,1,444.0,1,0,0
zmkbf6x3l8tvf7mw,f4zw9xa3kx7eedtj,1,21,2,0,3,420.0,1,0,0
5cuwxg8tpn9ht1u3,vkizzqy72wx7ptx6,6,14,1,0,5,660.0,0,0,1
xg2rw97rslxwz4wc,f8e8ld4d6af58c2j,6,5,1,0,2,336.0,0,0,0
r5kxsolvqbrw3g91,qh7m35ixokc1msy4,3,7,1,1,4,228.0,0,0,0
e2d5219zagi3nppa,tcs4cc5o7uubcxul,6,17,1,2,1,408.0,1,0,0
n4iedbtfdcdqvul7,w5py6b2knftu2gc5,0,18,3,1,2,336.0,1,0,1
nnqpnji8fg7s1rdo,f4zw9xa3kx7eedtj,2,20,1,2,4,444.0,0,0,0
yymoes7sz4s3e3ti,6n7hv3izky22ubtx,0,16,3,5,0,240.0,0,0,0
ju7yol6lbm0aj6x2,7s55j2o7s3kkv9rf,6,4,2,0,6,480.0,0,0,0
vm4jbux476keoc6p,6n7hv3izky22ubtx,6,15,2,4,1,432.0,1,0,1
te8cp9k02psoi373,w5py6b2knftu2gc5,2,23,1,1,0,240.0,1,0,0
bl3dyh97diyx02w1,vz41nam148p0tvhh,2,4,1,2,1,300.0,0,0,0
lriznxxvi1rdp1f8,6n7hv3izky22ubtx,5,12,1,4,0,432.0,1,0,0
l27bm7fcj0osoh5v,hv3a3zmf8mdd4v30,1,14,2,0,4,420.0,1,0,1
90bsh1fye7lft25h,9tmqlizl08yg0jv1,4,14,3,3,2,276.0,1,0,0
xrflrz5g2ylfvgpi,6n7hv3izky22ubtx,0,11,3,5,1,240.0,1,0,0
um4yrv8voyghvqiz,w5py6b2knftu2gc5,3,6,3,1,1,240.0,0,0,0
833z5gf0g46u2slz,c56t4ufel6246hid,0,4,2,0,3,300.0,1,0,0
nba9vqnwcqtjvu1i,tvazccblskrt05ui,2,13,2,0,0,276.0,1,0,1
a67l7s47tdesy3u0,hv3a3zmf8mdd4v30,4,9,4,1,0,504.0,0,0,1
hb1no6c6zh6du9zz,f4zw9xa3kx7eedtj,3,1,1,0,5,468.0,1,0,0
3u56k7sbfdgj9kku,tala753lc58drc11,6,4,1,0,4,140.0,0,0,0
60bmtxv4l9l7tu12,5c34dxtad1ior56f,4,6,2,3,0,480.0,1,0,0
977xp2kugeorl0yb,er14ffyvnvqjt7ye,1,17,1,0,1,360.0,0,0,1
a6bko4jqth0tpgok,yzycwtiqj7yhl1c3,1,2,4,1,4,300.0,0,0,0
ynueuvld7p441jwy,5c34dxtad1ior56f,0,4,2,1,1,336.0,1,0,1
7kvk1xv1jl7tg6cd,c56t4ufel6246hid,0,12,2,0,4,264.0,0,0,0
9aaxn45jo52f0u4s,8j5ecruyf38diuov,2,19,2,3,1,516.0,1,0,0
p4ulpqp81ycegnnj,tala753lc58drc11,2,1,1,3,5,384.0,0,0,0
x3obkjq879jmq48b,8j5ecruyf38diuov,6,20,2,1,2,420.0,0,0,0
tm0zxo41oimjgz9a,f8e8ld4d6af58c2j,1,9,2,1,3,228.0,0,0,0
0xpoi73t2gqyltx1,5c34dxtad1ior56f,6,10,2,3,0,495.0,1,0,0
gyua4qgvmdvmwtrs,9v86wzs3t60rjiw1,3,18,1,1,0,348.0,0,0,0
dazyw6weyuk6bcdf,qh7m35ixokc1msy4,1,0,1,0,5,300.0,1,0,0
fu73uhr5y5kfsnrr,c56t4ufel6246hid,3,23,1,1,5,336.0,1,0,0
pvk4wyziqouqzvis,vz41nam148p0tvhh,2,3,6,3,2,336.0,1,0,0
nw2l4k0rcsfkjza3,vkizzqy72wx7ptx6,1,17,5,1,0,396.0,1,0,0
5zsnpi53ry0z9yjg,hv3a3zmf8mdd4v30,1,5,2,0,0,420.0,1,0,0
d5kgf39wf58yj9oh,hv3a3zmf8mdd4v30,6,9,3,3,1,360.0,1,0,0
mclice7w683o3fo2,qh7m35ixokc1msy4,6,21,1,0,6,210.0,1,0,0
xyod0r450f1deu3d,c56t4ufel6246hid,6,8,2,1,6,276.0,0,0,0
0w710rwtcmblepso,c56t4ufel6246hid,2,14,4,2,7,336.0,1,0,1
bt6hmryi02o0yleq,hv3a3zmf8mdd4v30,4,9,2,2,2,276.0,0,0,0
dw7rbped02g1k5ja,vz41nam148p0tvhh,4,1,2,4,3,456.0,0,0,0
vjkq5o0t4bg1moet,8j5ecruyf38diuov,4,16,1,1,3,420.0,0,0,0
5wlo61po9o2m470n,dswm31yihair4cow,6,15,1,2,3,396.0,0,0,0
3365rd46wkecbaot,qm5k8p4q0b8ic8bb,5,10,2,3,5,432.0,0,0,0
qwak59w803cqexuf,f4zw9xa3kx7eedtj,1,6,4,0,6,408.0,1,0,1
akrafflaflgnftc4,w5py6b2knftu2gc5,1,18,2,0,2,300.0,0,0,0
a03daz3rwbj9cpv4,li7kq1uymrlrmjkv,3,15,2,3,7,492.0,1,0,0
nh3pf34hh4wel9ch,yzycwtiqj7yhl1c3,3,7,2,1,5,384.0,1,0,0
tldkz27dqtroi91e,w5py6b2knftu2gc5,2,11,2,1,3,396.0,0,0,1
i477pkbrfbfl0v8h,qh7m35ixokc1msy4,5,19,1,0,7,348.0,0,0,0
yns7easw23ogq7ys,84u89yjb1qx6gvwr,3,17,1,0,0,612.0,1,0,1
nsatcqewdw29phbc,c56t4ufel6246hid,3,11,2,2,0,468.0,0,0,0
7q0ecdc9ypp0klx5,9v86wzs3t60rjiw1,6,23,4,3,1,492.0,1,0,0
a9c2ltwi0hc39erm,6n7hv3izky22ubtx,1,11,1,3,2,396.0,1,0,0
j6jaepk8fvzslpwl,li7kq1uymrlrmjkv,1,22,1,0,8,300.0,0,0,0
ifz7uys9w24xvofx,tala753lc58drc11,0,6,3,2,6,348.0,1,0,0
rwaobc3oko3vpk2u,tvazccblskrt05ui,4,17,3,1,0,420.0,0,0,0
k1y2axgzmyu7q7hr,f8e8ld4d6af58c2j,4,14,3,0,4,444.0,0,0,1
xm8og996jlulym7y,hv3a3zmf8mdd4v30,0,8,1,0,3,420.0,0,0,1
mv6rl7gjcml8804f,6n7hv3izky22ubtx,2,18,3,1,3,336.0,1,0,0
ys86y05b967ew1z6,dswm31yihair4cow,0,15,2,3,4,396.0,0,0,0
weeemmv8b71kvaxq,9v86wzs3t60rjiw1,1,1,1,1,2,324.0,0,0,1
sa4h7ilxi7t264w0,hv3a3zmf8mdd4v30,2,21,2,2,0,312.0,0,0,0
bc4pw8zw7nhpgjx1,qm5k8p4q0b8ic8bb,4,15,2,0,6,372.0,1,0,0
gvp4n23kjdyvy96q,84u89yjb1qx6gvwr,6,1,2,0,0,528.0,0,0,0
li8cxu1cxx3lnc30,84u89yjb1qx6gvwr,4,5,1,2,1,540.0,1,0,0
mw7i6bxpdzlhr69h,hv3a3zmf8mdd4v30,5,2,2,1,1,372.0,0,0,0
r4alv0lxjv32vuxl,9tmqlizl08yg0jv1,1,1,2,2,3,312.0,1,0,0
xcy6fd627dtq9ruj,hv3a3zmf8mdd4v30,4,20,2,3,2,450.0,1,0,0
mnkn444o050vr9dc,dswm31yihair4cow,2,6,1,3,5,348.0,1,0,1
h4q42l15fv8zc6pu,z0yncxll4zklooke,6,1,1,0,0,348.0,1,0,0
qvydukpuwytjpcfv,5qbswrpbjek5rbw2,6,3,4,0,0,60.0,0,0,1
qjs7i58up6j3vme9,5c34dxtad1ior56f,4,13,2,3,1,480.0,1,0,0
xqpluyg3hd6oi9di,tala753lc58drc11,1,23,3,0,7,312.0,0,0,0
d1w6rud5wc9f2tbw,z0yncxll4zklooke,4,6,1,4,1,396.0,0,0,0
o5b8ms9tkyjxry9l,hv3a3zmf8mdd4v30,0,14,2,1,3,516.0,1,0,1
xdj8msh9cuce5oh7,c56t4ufel6246hid,5,15,1,0,1,340.0,1,0,0
iwel4rv2yn9ht693,er14ffyvnvqjt7ye,1,14,2,0,0,576.0,0,0,1
rup7fahiapjy1zb6,f8e8ld4d6af58c2j,1,3,2,2,0,255.0,1,0,0
80nsnt3efhzcoq4c,li7kq1uymrlrmjkv,0,13,1,2,9,300.0,1,0,0
99vrs5y4ig7t92zx,f4zw9xa3kx7eedtj,2,12,1,1,0,420.0,1,0,0
hkojj9vynhccy7b0,5qbswrpbjek5rbw2,1,1,3,0,0,264.0,0,0,0
z2dcpganl816lbuw,dswm31yihair4cow,5,15,1,2,0,396.0,1,0,0
06hoi9ssmusj1h3e,vkizzqy72wx7ptx6,2,13,1,5,1,408.0,1,0,0
bvq8l1s2gtu8cs0k,f4zw9xa3kx7eedtj,6,0,3,1,1,504.0,0,0,0
rltdcl3ah4em5got,tvazccblskrt05ui,1,16,1,0,1,408.0,1,0,0
g4xu43lc6jwcz3bq,yzycwtiqj7yhl1c3,0,4,3,1,6,252.0,0,0,1
plcl4j7rb6x38dhe,5c34dxtad1ior56f,0,7,2,1,2,396.0,0,0,0
i98nkhdlszatdfnm,9v86wzs3t60rjiw1,3,21,3,1,0,348.0,1,0,0
kfddxvfgd9ds7a04,f8e8ld4d6af58c2j,2,4,3,1,1,240.0,0,0,0
890ymt0w3x2ffa48,84u89yjb1qx6gvwr,6,17,3,1,2,372.0,0,0,1
ckum88bw69zmq9p7,tcs4cc5o7uubcxul,1,5,3,3,2,396.0,0,0,1
pecpgnm6hxg0qggb,hv3a3zmf8mdd4v30,1,8,1,1,0,504.0,0,0,0
6a718fvx9pd327kj,84u89yjb1qx6gvwr,4,4,2,2,0,372.0,1,0,0
qau5sefmm3jt4lma,dswm31yihair4cow,4,22,2,2,1,360.0,1,0,1
r60t3i6kdpr2vz5u,vz41nam148p0tvhh,3,16,1,4,4,456.0,0,0,0
s2qtkeyw0nrvvqfn,f4zw9xa3kx7eedtj,4,6,3,1,2,468.0,0,0,0
cig6oxi82p3tx0bm,c56t4ufel6246hid,4,23,1,5,2,336.0,0,0,1
g4repuoc0kn6ahqr,er14ffyvnvqjt7ye,1,12,1,2,0,240.0,1,0,0
0a5svigetns9dnps,84u89yjb1qx6gvwr,5,22,2,1,1,396.0,0,0,0
1phjhddqef0s9kai,tcs4cc5o7uubcxul,1,23,3,2,0,492.0,0,0,1
w32dcmhunsi7docb,5c34dxtad1ior56f,1,12,2,1,3,444.0,1,0,0
ptgsivhxlwi1cuf8,er14ffyvnvqjt7ye,5,5,1,2,1,300.0,0,0,0
p632f93ntcunbdzc,z0yncxll4zklooke,0,2,2,2,2,372.0,1,0,0
rh22qoz9g5yxzouu,er14ffyvnvqjt7ye,3,8,2,2,2,360.0,1,0,0
qz6nev8soty26gkt,6n7hv3izky22ubtx,1,14,3,1,4,540.0,1,0,0
108po1va4s38krdf,9v86wzs3t60rjiw1,5,2,4,1,1,432.0,0,0,1
ekfqnkmb5oqnrshf,f4zw9xa3kx7eedtj,5,19,3,2,3,408.0,1,0,0
3o9ycm9po2fknvzd,9v86wzs3t60rjiw1,4,10,2,1,0,396.0,0,0,0
t3lz8vnbz40ys1sb,li7kq1uymrlrmjkv,3,10,1,2,10,468.0,0,0,1
vyk7cf2j4l3vv7rm,hv3a3zmf8mdd4v30,6,2,3,4,1,372.0,1,0,1
9v2xx0ze5nhcpl2u,9v86wzs3t60rjiw1,2,15,3,1,1,288.0,0,0,1
ynjtps9o5srpuc8e,f4zw9xa3kx7eedtj,0,12,3,0,4,420.0,1,0,1
mqxtjbldwv7naqgu,vkizzqy72wx7ptx6,2,19,1,1,2,600.0,1,0,0
w9o8479r1133d91c,vkizzqy72wx7ptx6,5,14,1,0,3,312.0,1,0,0
skvon3uq1ik8238x,vkizzqy72wx7ptx6,5,16,3,0,4,420.0,0,0,0
inawoppb7v5g2l3a,dswm31yihair4cow,6,16,2,0,0,312.0,1,0,0
p4lfdj2q8d5z8546,z0yncxll4zklooke,2,8,2,2,3,336.0,1,0,0
k0exc1t0oypkb571,dswm31yihair4cow,5,14,2,1,1,324.0,0,0,0
ys4i8s8qlc0jbyws,6n7hv3izky22ubtx,4,9,1,2,5,396.0,0,0,1
8z1qxfiaetni12j4,vkizzqy72wx7ptx6,1,2,3,4,5,408.0,0,0,1
4ij0w80fnalnzz70,hv3a3zmf8mdd4v30,6,15,3,5,0,372.0,1,0,1
mqp72t4yur03iqhy,li7kq1uymrlrmjkv,5,2,2,2,0,468.0,1,0,0
66q73smql2tber5x,hv3a3zmf8mdd4v30,1,18,1,1,0,360.0,1,0,0
jyidr6x0accho6v8,w5py6b2knftu2gc5,4,20,3,1,0,444.0,1,0,0
tdy61aa0c5hdfub4,hv3a3zmf8mdd4v30,6,10,2,1,1,432.0,1,0,0
rbbop8i6t5fjtbq3,c56t4ufel6246hid,1,3,2,1,0,324.0,1,0,0
v53iw5lv0krvc931,qm5k8p4q0b8ic8bb,6,0,1,1,7,444.0,0,0,1
4af8qmqhzw22dptm,qm5k8p4q0b8ic8bb,3,4,3,2,0,396.0,0,0,1
t939a6spzd1skzio,c56t4ufel6246hid,2,22,2,1,1,336.0,1,0,0
7r3qcqaooxj93dri,tvazccblskrt05ui,3,0,2,1,2,450.0,1,0,1
dwnifyir3dyawz8y,dswm31yihair4cow,0,23,2,1,2,420.0,1,0,0
vzywi2sko793y61p,84u89yjb1qx6gvwr,1,20,2,4,2,456.0,0,0,0
lsy7rw78irkzdpnd,f4zw9xa3kx7eedtj,3,4,2,0,0,420.0,1,0,0
zblj2np6i5gse146,9tmqlizl08yg0jv1,5,7,3,3,4,528.0,1,0,0
vcnqiyftlxbwlwm5,vz41nam148p0tvhh,6,22,1,0,5,372.0,0,0,0
7nk81tnagnidp3ld,tvazccblskrt05ui,0,16,2,3,0,228.0,0,0,0
adqc59z6nsm3v3dq,7s55j2o7s3kkv9rf,6,4,3,1,7,312.0,1,0,0
bzipl3xt8s7i5lgo,qh7m35ixokc1msy4,2,2,1,1,8,564.0,1,0,0
xwb1gqc4c1ugf5vn,f8e8ld4d6af58c2j,3,7,1,0,2,228.0,0,0,1
xol1ivzou1wtxjlv,tvazccblskrt05ui,6,0,2,1,1,240.0,0,0,0
8tnawvdzv19547kp,z0yncxll4zklooke,1,9,1,0,4,372.0,0,0,0
2k0jj4ugg6so049r,z0yncxll4zklooke,5,19,1,2,5,372.0,0,0,1
15payj30amxe2nfz,7s55j2o7s3kkv9rf,5,0,1,1,8,312.0,1,0,0
64trqi6byhpyv8d2,6n7hv3izky22ubtx,6,18,1,1,0,432.0,1,0,0
391174n8mmesu75m,w5py6b2knftu2gc5,5,6,1,0,1,480.0,1,0,1
sejwska3ylbxn1rp,vkizzqy72wx7ptx6,0,9,3,1,0,660.0,0,0,1
fcyq8qds4znzq7gb,84u89yjb1qx6gvwr,0,2,2,1,3,264.0,0,0,1
zpo0zsrql0sckcww,tcs4cc5o7uubcxul,5,20,3,1,0,396.0,0,0,1
77wt8pun5dgsiri5,w5py6b2knftu2gc5,3,3,3,1,0,240.0,0,0,0
193q1l6ke3hrbhqw,tala753lc58drc11,0,15,2,1,8,288.0,0,0,0
jzwvt7bgfmzdy8im,9v86wzs3t60rjiw1,3,16,1,0,0,-1.0,0,0,0
j67726boceiajx6e,5c34dxtad1ior56f,6,23,2,1,4,348.0,0,0,0
w2k2ub5zr8346aw0,tcs4cc5o7uubcxul,1,7,3,5,0,396.0,1,0,0
xl75r2zehkbicicd,yzycwtiqj7yhl1c3,0,6,1,2,0,384.0,1,0,1
hty61jzeklejvgif,tvazccblskrt05ui,0,15,1,3,2,420.0,0,0,0
lnwrov6zj02k6t84,vkizzqy72wx7ptx6,3,5,1,2,0,480.0,1,0,0
fc06hgflvtqqqt0y,f8e8ld4d6af58c2j,4,3,3,0,0,444.0,0,0,1
fy15k945y9kgmfvf,9v86wzs3t60rjiw1,0,8,1,0,1,468.0,1,0,1
mhm307izqxu2c67a,tala753lc58drc11,1,18,2,3,9,384.0,1,0,0
vk3oqqwm0dt08nnu,vz41nam148p0tvhh,2,7,2,4,6,360.0,0,0,0
5mox9fxq6s27380u,w5py6b2knftu2gc5,4,4,3,0,1,528.0,0,0,0
z649hcf4j2bcy7tx,yzycwtiqj7yhl1c3,1,0,2,3,0,384.0,1,0,0
sw5b90qcbcbe98sa,5c34dxtad1ior56f,5,0,2,2,5,384.0,1,0,0
7gbuhzocjecb4yhb,qh7m35ixokc1msy4,1,8,1,2,9,324.0,0,0,0
ez7ryc2te8eczg04,dswm31yihair4cow,0,13,2,1,3,348.0,0,0,0
af0t9l0g7tp20pvl,tvazccblskrt05ui,5,12,1,0,3,-1.0,1,0,0
fzw7d2ez2gs4lcz5,tala753lc58drc11,0,0,3,2,10,348.0,1,0,0
m8gxe5fjapqwinqc,yzycwtiqj7yhl1c3,6,19,1,0,1,384.0,0,0,1
3nfc37v80yn4o5u5,er14ffyvnvqjt7ye,5,1,1,0,3,-1.0,1,0,1
i2huxmozxrazmsab,vz41nam148p0tvhh,5,18,2,4,7,360.0,0,0,0
cehcbagw8vbou1s0,w5py6b2knftu2gc5,1,10,2,0,2,300.0,0,0,1
k3m50d3m746wbt3o,yzycwtiqj7yhl1c3,0,13,3,1,0,360.0,0,0,1
7rsgqb3ardaaw2af,vkizzqy72wx7ptx6,1,11,2,1,1,432.0,0,0,1
biv0z5zpxegq4ppa,vkizzqy72wx7ptx6,5,23,3,0,0,372.0,0,0,1
uhgv9m58tgtuo2kj,vkizzqy72wx7ptx6,4,21,2,3,0,240.0,1,0,0
uakvxt2fho8cc98e,7s55j2o7s3kkv9rf,6,6,3,0,9,504.0,1,0,1
euulz6wkkmy5tg5h,9tmqlizl08yg0jv1,0,7,3,0,5,540.0,0,0,0
qv9w2zzs7cczwi87,hv3a3zmf8mdd4v30,6,9,1,3,2,300.0,0,0,0
i4bhmyx2ppqla1g0,qh7m35ixokc1msy4,6,23,1,0,10,360.0,1,0,0
zxs12fzxotcszy0r,vz41nam148p0tvhh,6,7,1,1,8,180.0,0,0,1
7xpesw8rrlai7qem,z0yncxll4zklooke,2,13,4,4,0,540.0,1,0,0
m3a2v818iqwlok7g,c56t4ufel6246hid,6,1,2,1,2,324.0,1,0,0
fqjit6f5q4myixxj,vkizzqy72wx7ptx6,1,15,2,1,1,456.0,1,0,1
w8wbzo547gfpqeqq,84u89yjb1qx6gvwr,0,2,1,2,0,444.0,1,0,0
4oo1eg0xwt0xp5o7,7s55j2o7s3kkv9rf,5,3,1,2,0,324.0,0,0,0
qfqng89vb92g1ipj,dswm31yihair4cow,6,15,2,0,4,312.0,1,0,1
pqpyh5h2o5ltg6fl,hv3a3zmf8mdd4v30,2,12,2,4,3,264.0,0,0,0
11qizrmt0nhb62hl,8j5ecruyf38diuov,6,13,2,1,4,420.0,1,0,0
1241uwnzaf9kw51d,tcs4cc5o7uubcxul,5,14,2,0,1,255.0,1,0,0
0wg1857d528ynmk9,tvazccblskrt05ui,4,6,1,1,4,240.0,0,0,0
hiamjg0d6muw0xec,c56t4ufel6246hid,1,4,1,6,3,336.0,0,0,1
tho6969psdc63h0a,qh7m35ixokc1msy4,6,10,1,2,11,312.0,1,0,0
2mpgl9u0u83t5kvb,5c34dxtad1ior56f,4,11,1,2,6,384.0,1,0,1
nuwixuy3opa59f96,tcs4cc5o7uubcxul,1,22,1,0,2,312.0,1,0,1
2v3tgaqhcb82oxlm,li7kq1uymrlrmjkv,0,18,1,1,1,456.0,1,0,0
a8sm0d48egj7a0kl,yzycwtiqj7yhl1c3,3,9,1,2,0,408.0,1,0,0
fjrpd5l8f1bom17o,z0yncxll4zklooke,5,15,3,1,1,276.0,1,0,0
woqih029nlklog2a,dswm31yihair4cow,6,11,3,2,0,420.0,0,0,1
lqgasgk783nc8mq5,tvazccblskrt05ui,4,20,2,1,5,312.0,0,0,0
yucf6wxqgldxzflm,84u89yjb1qx6gvwr,6,3,3,1,1,456.0,0,0,0
kqryy8nxw068axp0,er14ffyvnvqjt7ye,1,5,1,2,0,360.0,1,0,0
zzgus8p6wklx2wed,5c34dxtad1ior56f,0,4,3,0,0,408.0,1,0,0
5qy6orre93u62er6,vkizzqy72wx7ptx6,1,12,3,5,0,408.0,0,0,0
uhckxr5saxqc63rj,f8e8ld4d6af58c2j,4,11,1,1,0,540.0,0,0,0
esos0zxkqkp90ne6,tala753lc58drc11,0,12,2,1,11,480.0,0,0,0
q2c6x3wn8aard7dq,f8e8ld4d6af58c2j,1,1,1,2,1,540.0,0,0,0
7o610hlsefgbcp6o,tvazccblskrt05ui,1,14,3,3,6,408.0,1,0,1
mz9hgna0b6nwy1mt,8j5ecruyf38diuov,0,11,2,1,5,276.0,1,0,1
8dnz3lvr26ompi8y,f4zw9xa3kx7eedtj,3,11,3,2,1,456.0,0,0,0
7f0bro5xyt861sec,6n7hv3izky22ubtx,3,18,1,1,1,360.0,1,0,1
yojb47zpo0llqixu,9tmqlizl08yg0jv1,6,15,5,4,6,144.0,1,0,0
1jr5gxq5lho3g839,yzycwtiqj7yhl1c3,6,7,1,1,1,312.0,1,0,1
ce3semzyg8cv71e4,vkizzqy72wx7ptx6,0,8,1,5,1,408.0,1,0,0
pavh9ks02qh4e3u4,f4zw9xa3kx7eedtj,4,3,2,1,2,312.0,1,0,1
wuih2jyhrqg3igfo,hv3a3zmf8mdd4v30,4,21,1,2,4,324.0,1,0,1
d93wd6ocsvs1vuca,li7kq1uymrlrmjkv,3,12,2,3,2,384.0,1,0,1
9il1o5g5u6jdzo39,z0yncxll4zklooke,1,17,3,2,2,312.0,1,0,1
ok8cysh6xqguudjo,9v86wzs3t60rjiw1,6,8,1,0,0,-1.0,1,0,0
n3vo0en9uu2y4ix0,vkizzqy72wx7ptx6,3,22,3,3,2,408.0,0,0,0
4gsy5ybipdlbg7t0,8j5ecruyf38diuov,3,19,2,1,0,336.0,0,0,1
86n7hmqdmj9ixs6l,84u89yjb1qx6gvwr,3,4,1,1,2,396.0,0,0,0
91xsd0nkvdkipdhs,5qbswrpbjek5rbw2,3,16,2,3,1,420.0,1,0,0
av6nicd23v4xn1fv,6n7hv3izky22ubtx,2,15,1,3,0,300.0,1,0,0
5vfnie9laodezt07,w5py6b2knftu2gc5,6,12,2,1,0,444.0,1,0,0
llssg7fwps64hmzy,li7kq1uymrlrmjkv,5,1,1,1,0,552.0,1,0,0
c38p58m1mhjnbxsm,tala753lc58drc11,1,22,2,1,12,504.0,1,0,0
zj6ml55uqolf8mjl,8j5ecruyf38diuov,5,8,1,0,0,-1.0,1,0,0
yabzm36wkr38k2d0,er14ffyvnvqjt7ye,6,16,2,1,1,552.0,0,0,0
3qwbmnergwj8rr1l,5qbswrpbjek5rbw2,6,2,4,0,2,60.0,1,0,0
ukhe2o1j4juhwu5k,yzycwtiqj7yhl1c3,6,16,1,1,0,360.0,1,0,1
wtdnapgfhtn9xed3,tala753lc58drc11,1,2,1,2,13,288.0,0,0,1
jccxgk2ysi9zf3xi,qh7m35ixokc1msy4,0,11,1,2,12,264.0,0,0,0
825dnzihsq8lh1tb,8j5ecruyf38diuov,4,21,1,1,1,348.0,1,0,1
nl1tlvajn23t8age,5qbswrpbjek5rbw2,2,20,1,1,3,276.0,1,0,0
e1bf1vgm3lm8fhcc,6n7hv3izky22ubtx,3,0,1,3,1,288.0,0,0,0
mgwnomfug7lvv0kk,7s55j2o7s3kkv9rf,3,10,2,3,1,372.0,1,0,0
mxyraeon3ov1okmd,8j5ecruyf38diuov,6,23,2,0,0,516.0,1,0,0
ywhz3gnzdfqa2xaw,hv3a3zmf8mdd4v30,5,9,2,1,0,360.0,0,0,0
sj4wldy8j1ui9l69,qh7m35ixokc1msy4,2,9,1,1,13,204.0,1,0,1
9ubtrkuicc6ph4uv,tvazccblskrt05ui,3,18,1,1,0,240.0,1,0,1
9m0gakaskdst7ojb,5qbswrpbjek5rbw2,1,2,4,2,4,324.0,0,0,0
69ydyve13gt2unv9,5qbswrpbjek5rbw2,1,8,1,2,5,312.0,1,0,1
4xreazmce71j9znd,hv3a3zmf8mdd4v30,5,4,2,0,1,-1.0,1,0,0
eswx4yei2v57hdij,hv3a3zmf8mdd4v30,4,5,2,1,2,528.0,0,0,1
bsf5ksxz5er12d5v,f8e8ld4d6af58c2j,0,16,1,1,2,432.0,1,0,0
42irjji6cmyul3di,f4zw9xa3kx7eedtj,1,8,3,1,0,456.0,0,0,0
bfs83jq1nkwm3n3e,84u89yjb1qx6gvwr,2,21,1,1,3,480.0,1,0,0
7jj6v0pmqf6br2le,8j5ecruyf38diuov,3,5,2,4,1,336.0,1,0,0
1t2klauiaic7kc7d,li7kq1uymrlrmjkv,2,6,1,2,1,444.0,1,0,0
z4yjdkei5qfq6vm3,hv3a3zmf8mdd4v30,5,22,2,3,0,168.0,0,0,1
nyt2goi8sk9150um,qm5k8p4q0b8ic8bb,5,1,2,3,0,432.0,0,0,0
m3hkyz1qwj35yhkj,z0yncxll4zklooke,3,23,3,2,0,300.0,0,0,0
07ee6gr37pvcf4us,8j5ecruyf38diuov,5,22,2,1,2,180.0,1,0,0
mpm675bnkafpcxed,8j5ecruyf38diuov,1,9,1,2,3,300.0,1,0,0
0t2ncn47dvcfo9re,er14ffyvnvqjt7ye,6,16,2,2,2,264.0,0,0,0
5ffk6o81yricvkmv,5c34dxtad1ior56f,5,18,2,3,1,480.0,0,0,1
ckpa29mff0gbvp8f,9v86wzs3t60rjiw1,5,0,1,3,1,396.0,1,0,1
m4i5vgd1x8l3jda0,tala753lc58drc11,2,23,2,4,0,384.0,1,0,1
q1qu1re07wxc1kng,9tmqlizl08yg0jv1,0,9,2,1,7,528.0,1,0,0
topy7vnd8vi6fkrx,hv3a3zmf8mdd4v30,3,1,1,2,0,528.0,0,0,0
n3bznhwclo2d8fu8,yzycwtiqj7yhl1c3,5,17,1,1,0,312.0,0,0,0
izbqtoqcq2ihw922,w5py6b2knftu2gc5,2,8,1,3,1,456.0,0,0,0
n5tna623br3d71ee,9v86wzs3t60rjiw1,0,7,1,1,0,432.0,0,0,0
6psrc4dwc279igff,9v86wzs3t60rjiw1,2,1,3,0,1,288.0,1,0,0
lbfj06ds8fl2wbz8,9v86wzs3t60rjiw1,5,9,4,2,2,420.0,0,0,0
oywwadsq32ql5g0t,hv3a3zmf8mdd4v30,6,13,2,1,1,336.0,0,0,0
lvc9b2r9k9lj3lsj,84u89yjb1qx6gvwr,4,6,1,1,4,216.0,1,0,0
gqn8j0we511kpkwx,w5py6b2knftu2gc5,3,20,3,2,2,420.0,0,0,0
0hnsfe1v0onrnvwx,z0yncxll4zklooke,1,12,3,2,1,312.0,0,0,0
nfcijtet57muchv5,84u89yjb1qx6gvwr,0,19,2,2,5,168.0,1,0,0
eanokqogawg5753p,f4zw9xa3kx7eedtj,1,21,3,2,1,468.0,0,0,0
bn9jne7sh6s0ok0y,f4zw9xa3kx7eedtj,5,0,1,1,2,528.0,1,0,1
6uvg7kmk07faewve,qm5k8p4q0b8ic8bb,3,4,2,0,1,456.0,1,0,1
70a0wemmhmx5nyq3,f4zw9xa3kx7eedtj,1,20,3,5,0,420.0,0,0,1
63wedplhrtc7i85h,tvazccblskrt05ui,0,21,1,0,0,450.0,0,0,0
fxw7pt0rkxqllope,w5py6b2knftu2gc5,0,1,1,1,3,480.0,1,0,0
1dl1zl8g0esoy2z1,tala753lc58drc11,4,12,2,1,0,384.0,0,0,1
xkklj7hax23180qk,er14ffyvnvqjt7ye,3,10,1,1,3,384.0,1,0,1
y3oc9g6mq9pbnxms,qm5k8p4q0b8ic8bb,6,21,1,2,0,504.0,0,0,1
4hpk4l2na5tyasdw,w5py6b2knftu2gc5,4,2,3,2,4,348.0,0,0,1
48qnpas8pp40eevd,tala753lc58drc11,0,22,1,2,0,552.0,0,0,0
e80ypg2mirxc55l1,z0yncxll4zklooke,2,23,2,0,2,300.0,0,0,0
ar9owslk0plzte44,9v86wzs3t60rjiw1,6,13,4,4,3,492.0,0,0,0
zoyw7yhrjrridmi2,9tmqlizl08yg0jv1,4,21,2,1,8,300.0,0,0,0
3w56i9pyqld56yjv,vz41nam148p0tvhh,1,16,3,1,0,180.0,0,0,1
36hxpo6zd87r2r6w,tvazccblskrt05ui,4,2,2,1,1,312.0,1,0,0
7v6giz2dtx42681y,yzycwtiqj7yhl1c3,5,7,3,3,1,456.0,1,0,0
bpo49im4knpi91py,5c34dxtad1ior56f,1,2,3,1,0,324.0,0,0,0
wocki4mhxsg5u4uv,qh7m35ixokc1msy4,3,8,1,1,0,120.0,0,0,1
520hh3fc5p2ur3fc,5c34dxtad1ior56f,0,4,2,1,1,384.0,1,0,0
ypcfyx0joc6z9lvo,6n7hv3izky22ubtx,0,17,3,5,2,192.0,1,0,1
ecv84xvdn0a59wag,qm5k8p4q0b8ic8bb,2,1,1,1,0,396.0,0,0,0
4lvx4ox3kxrjzzaz,z0yncxll4zklooke,0,14,2,3,3,204.0,1,0,0
8kasifmqacfo1yn1,f8e8ld4d6af58c2j,1,11,2,2,3,228.0,1,0,1
c8cfl1zypeqvv4wv,li7kq1uymrlrmjkv,1,23,1,1,2,516.0,0,0,0
d9m0ib3w4witr0me,9tmqlizl08yg0jv1,6,3,1,6,9,324.0,1,0,0
pt6qp0p148yivc99,84u89yjb1qx6gvwr,0,8,1,2,6,396.0,1,0,1
yrodt2dtoohuainr,9tmqlizl08yg0jv1,0,5,3,0,10,540.0,0,0,0
awvspyzfzj29y7cj,hv3a3zmf8mdd4v30,1,10,1,5,2,264.0,1,0,1
qffp5ny1li8are10,qm5k8p4q0b8ic8bb,4,4,2,1,1,300.0,1,0,1
s5f8bmaaw1wcmt77,vz41nam148p0tvhh,2,1,1,0,0,360.0,0,0,0
dquh7icpl6rmx1vz,84u89yjb1qx6gvwr,2,6,1,2,0,396.0,1,0,0
jep9svuueu7axtcf,er14ffyvnvqjt7ye,5,8,3,3,0,420.0,0,0,1
ja5t7p9qwgr4b8jq,c56t4ufel6246hid,4,4,1,1,0,240.0,1,0,0
y07bonn443bmasmn,w5py6b2knftu2gc5,1,6,2,3,0,456.0,1,0,0
21073aeep2r61ljx,7s55j2o7s3kkv9rf,6,17,2,0,2,408.0,0,0,0
9nfr72hn20gpw2po,tala753lc58drc11,1,2,3,0,1,312.0,1,0,1
64jy908qdw8q8zj7,yzycwtiqj7yhl1c3,0,16,3,3,2,360.0,1,0,1
5on46otn4ll1wor2,hv3a3zmf8mdd4v30,3,6,2,3,0,408.0,1,0,0
ol5tihm7x1hxchyh,84u89yjb1qx6gvwr,3,16,1,2,1,264.0,0,0,1
v8ofgsm897jhhzly,er14ffyvnvqjt7ye,6,10,1,3,0,324.0,1,0,0
jldblmc6xkne8ita,qh7m35ixokc1msy4,3,17,2,0,0,384.0,1,0,1
dykc5ir6sawhcrcw,5qbswrpbjek5rbw2,6,16,3,2,0,348.0,1,0,0
go04stis5ntt4z9x,qm5k8p4q0b8ic8bb,1,0,3,3,0,384.0,0,0,0
ibgwnze9ghr3wljh,6n7hv3izky22ubtx,6,23,3,0,0,480.0,0,0,0
514dymwpfcncauzf,qm5k8p4q0b8ic8bb,0,19,1,3,1,408.0,1,0,0
5gbotxxgsh4vwtv7,qh7m35ixokc1msy4,4,8,2,1,0,168.0,0,0,0
hgrp1ccagwix78r2,vz41nam148p0tvhh,2,22,6,5,1,540.0,0,0,0
nnkb47y7m8mrykn8,tvazccblskrt05ui,1,6,3,1,2,312.0,0,0,1
8dd3vigt6d97oie0,z0yncxll4zklooke,4,15,2,2,4,312.0,1,0,0
vhpkhgygmjvbgn0z,w5py6b2knftu2gc5,4,18,3,1,1,480.0,1,0,1
lk9uawwpvc0azp79,tcs4cc5o7uubcxul,1,1,2,0,0,372.0,0,0,0
fdmr6soh7qlh5bs3,yzycwtiqj7yhl1c3,6,7,2,2,0,480.0,1,0,1
w4hwon20cmpcbhbx,7s55j2o7s3kkv9rf,0,5,4,0,3,312.0,1,0,0
dm57ppx116dbjx5z,f8e8ld4d6af58c2j,5,0,2,2,0,168.0,0,0,0
j6goqljhu5kh7o4e,vz41nam148p0tvhh,1,2,2,2,2,300.0,0,0,1
adxdf21o752tvrfv,5c34dxtad1ior56f,5,5,2,3,2,480.0,0,0,0
aolxqrmq1hdeylia,6n7hv3izky22ubtx,4,14,3,2,1,360.0,1,0,1
kfxhn5a5w9xxluim,7s55j2o7s3kkv9rf,5,23,1,2,4,468.0,0,0,0
3slgzqwhj4mplixm,tcs4cc5o7uubcxul,1,22,3,5,1,504.0,1,0,0
6aofw8xuj5ye8wh7,qm5k8p4q0b8ic8bb,6,10,2,0,2,480.0,1,0,0
4gvoh6dihr107ted,84u89yjb1qx6gvwr,2,19,2,2,0,264.0,1,0,0
ulyo3sgfsuzc21un,qh7m35ixokc1msy4,4,22,1,2,1,432.0,0,0,0
0380cbqa4fit3nul,6n7hv3izky22ubtx,3,16,2,2,0,588.0,0,0,0
9u1q2txvp9optfow,w5py6b2knftu2gc5,6,10,1,1,0,480.0,0,0,0
y4w3wespb4scaaj7,5qbswrpbjek5rbw2,3,1,2,1,1,216.0,0,0,1
bki5p3vu58fs9x1e,z0yncxll4zklooke,1,6,3,2,5,312.0,1,0,0
lzkbr7g4mjze72hm,f8e8ld4d6af58c2j,0,6,2,1,1,255.0,1,0,0
3x7s445y4ts63bkb,5c34dxtad1ior56f,3,20,1,0,3,420.0,0,0,0
bqouq6tjq128t4h8,9v86wzs3t60rjiw1,2,10,2,2,4,384.0,1,0,0
gw43kijknqwk2uhu,li7kq1uymrlrmjkv,5,19,2,2,3,420.0,0,0,0
n7n0ujo2t6297sel,hv3a3zmf8mdd4v30,4,17,4,2,1,444.0,0,0,0
8fzuo88v78rz5cwc,84u89yjb1qx6gvwr,5,21,2,1,1,408.0,1,0,0
b5nq323l8n6kyloq,6n7hv3izky22ubtx,2,5,1,1,1,420.0,0,0,1
gzmmpmz69im32sjb,vz41nam148p0tvhh,4,6,2,0,0,516.0,1,0,0
azhuuhukbr3pt47x,7s55j2o7s3kkv9rf,2,19,1,1,5,372.0,1,0,0
oo4116sgs5ttno6o,c56t4ufel6246hid,3,21,2,0,1,204.0,0,0,1
zwqt0yjyj321rn22,c56t4ufel6246hid,0,9,1,1,0,192.0,1,0,1
d5eusc74c5ai4324,hv3a3zmf8mdd4v30,3,2,2,2,2,288.0,0,0,1
isuilkos2i1497b6,f4zw9xa3kx7eedtj,3,10,2,3,0,396.0,1,0,1
436opqvndbzm0fro,li7kq1uymrlrmjkv,5,18,2,2,4,456.0,0,0,0
06rp26gfqtg7hzlq,dswm31yihair4cow,1,20,2,1,0,408.0,0,0,1
6pr77nthge1sfxus,6n7hv3izky22ubtx,1,20,3,1,0,492.0,0,0,1
jtexy8dmgs9hdtro,f4zw9xa3kx7eedtj,6,23,1,3,0,456.0,1,0,0
r5885yssny20gayb,5c34dxtad1ior56f,6,9,2,4,4,468.0,1,0,0
ws4wt3psldxpob2r,tvazccblskrt05ui,6,20,2,4,0,348.0,1,0,1
vzu88hlnia3f5zcx,f8e8ld4d6af58c2j,5,18,2,2,2,528.0,0,0,1
5cex9t3io39wivxs,f4zw9xa3kx7eedtj,6,0,2,3,1,396.0,1,0,1
twbco3uqhbp7po9s,8j5ecruyf38diuov,3,1,4,3,4,420.0,1,0,1
vdceg1mdeymhsbkd,yzycwtiqj7yhl1c3,5,22,3,3,0,456.0,1,0,1
0ip85ljwcc2hhi73,li7kq1uymrlrmjkv,0,11,1,2,5,396.0,1,0,0
y5f8nswhwyatje1l,tvazccblskrt05ui,0,22,2,1,0,312.0,1,0,0
cid3yosrebknkv25,qm5k8p4q0b8ic8bb,1,11,2,3,3,456.0,1,0,1
rcfldai237s4bi97,5c34dxtad1ior56f,0,21,2,1,5,660.0,1,0,1
fu2g6559qy8b5g9m,vz41nam148p0tvhh,0,20,2,1,1,228.0,0,0,1
336wderu2pcot0nz,c56t4ufel6246hid,2,18,4,4,0,336.0,0,0,1
zm4jd8p32wl6noq1,7s55j2o7s3kkv9rf,5,22,2,0,6,-1.0,1,0,0
arsg8f47yyip1f05,tala753lc58drc11,2,20,2,4,0,384.0,1,0,0
f0r1wwhkxdcovy86,9v86wzs3t60rjiw1,4,9,2,2,5,384.0,1,0,0
0kjtwaywdsz6kd7g,5qbswrpbjek5rbw2,2,14,2,1,0,216.0,1,0,0
criwt5fxqp10vwaz,6n7hv3izky22ubtx,4,16,1,2,0,396.0,1,0,0
uivl9yh8u9ewouso,dswm31yihair4cow,2,4,2,2,0,348.0,1,0,0
1bh3txz1nw8jkd4b,li7kq1uymrlrmjkv,4,8,1,0,6,348.0,1,0,0
wg7s7dxd9qdakg8r,5qbswrpbjek5rbw2,2,6,2,1,1,216.0,1,0,0
zjta6c0641udxu0c,5c34dxtad1ior56f,0,5,3,0,0,372.0,1,0,1
hol1l57wvkq9egy1,tcs4cc5o7uubcxul,3,3,1,0,2,180.0,0,0,0
45095yyswznq6ktp,8j5ecruyf38diuov,5,0,2,1,0,180.0,1,0,0
r4iiqkdxgrs3qqxt,w5py6b2knftu2gc5,5,8,2,0,1,-1.0,1,0,0
9917v3m13o1bsh3b,hv3a3zmf8mdd4v30,5,20,2,2,0,576.0,0,0,0
8k0rep1ktlvihn20,9tmqlizl08yg0jv1,6,0,5,3,11,216.0,1,0,1
pcywseejmv2f6rcs,9v86wzs3t60rjiw1,6,2,1,2,6,288.0,0,0,0
k4mkd9847mvo9kwm,er14ffyvnvqjt7ye,4,7,1,3,1,372.0,0,0,1
noq3xw4wyrw3hc2f,vz41nam148p0tvhh,5,11,2,0,0,-1.0,1,0,0
zwod6fqbkxdg1919,vkizzqy72wx7ptx6,1,3,2,2,3,432.0,1,0,1
euh5pr2ey6gkuds0,9v86wzs3t60rjiw1,2,13,2,1,7,468.0,0,0,0
3df85i8zuihh6ipz,vkizzqy72wx7ptx6,3,5,1,0,0,492.0,0,0,0
tcxknf7onvas4k58,vkizzqy72wx7ptx6,0,22,3,2,1,660.0,1,0,0
727trvjqzpljcmvy,tvazccblskrt05ui,0,7,2,1,1,312.0,1,0,0
ql3rz20yapg2az7g,vkizzqy72wx7ptx6,4,13,1,0,2,420.0,1,0,0
t04ubg0x4vsg9ueg,vz41nam148p0tvhh,2,19,1,2,1,228.0,1,0,0
gv7enq9usslw3y7g,5c34dxtad1ior56f,1,18,2,4,0,456.0,0,0,1
s92nu8bl8dgxs68a,li7kq1uymrlrmjkv,1,1,2,0,7,468.0,1,0,0
11fvpkyjieuyp7pr,5qbswrpbjek5rbw2,2,10,3,3,2,264.0,0,0,0
vdx0bnh36we7gj81,er14ffyvnvqjt7ye,4,8,2,1,0,372.0,1,0,0
wv6w0nymrixptkd2,z0yncxll4zklooke,1,11,3,2,6,660.0,0,0,1
lxvxeusx4cqekiu6,f8e8ld4d6af58c2j,6,23,3,3,0,564.0,1,0,0
h79gov1ona6zzqau,7s55j2o7s3kkv9rf,1,1,1,2,7,288.0,1,0,0
ummtvdn4p0l58jqs,qh7m35ixokc1msy4,1,15,1,2,2,195.0,1,0,1
1e0e8gmtexzwe0qd,84u89yjb1qx6gvwr,0,16,2,3,2,180.0,0,0,1
mkmk9u9mvcu6a49x,5c34dxtad1ior56f,0,19,2,1,0,372.0,0,0,1
92yqo0rz4xg8i41r,8j5ecruyf38diuov,0,4,2,0,1,420.0,1,0,0
9q1pg4vigpd98gom,tvazccblskrt05ui,5,13,1,2,2,240.0,1,0,0
f5yb35o0aqt1zni1,yzycwtiqj7yhl1c3,2,7,2,3,0,456.0,1,0,1
fz7ons1ngwzhed1t,dswm31yihair4cow,1,3,2,1,1,360.0,1,0,0
g5haxqzvk9zw5607,9tmqlizl08yg0jv1,2,21,1,1,0,324.0,1,0,1
zg9bekgi8d9l9xg2,vkizzqy72wx7ptx6,0,8,1,1,3,228.0,1,0,0
ewz20d745ibb5byj,c56t4ufel6246hid,0,18,1,1,0,360.0,0,0,0
iugvf2gjt5a1o3zm,li7kq1uymrlrmjkv,0,7,3,2,8,348.0,1,0,0
8o0j3t8ufhzyw2k2,er14ffyvnvqjt7ye,2,10,1,1,1,384.0,1,0,0
chuj6eoko7e0mj08,6n7hv3izky22ubtx,0,15,3,0,1,525.0,0,0,0
obr88u3dxx8tf7ud,9tmqlizl08yg0jv1,4,20,2,1,0,300.0,1,0,0
fq717y5gise6jn59,vz41nam148p0tvhh,3,21,2,2,2,264.0,1,0,0
kdc885itszauf7fb,li7kq1uymrlrmjkv,6,10,1,1,9,468.0,0,0,1
a8xrl4uon3maedn6,5qbswrpbjek5rbw2,6,16,2,3,3,384.0,0,0,1
wj281ra4n9fo80x2,er14ffyvnvqjt7ye,2,2,2,1,2,180.0,1,0,1
8u23wuzonuabwm15,tcs4cc5o7uubcxul,5,3,3,0,3,396.0,1,0,0
z6b95wmgw2a8u9vp,c56t4ufel6246hid,5,2,2,7,1,336.0,0,0,0
jy46srum2l7v3eex,tala753lc58drc11,0,23,1,1,1,288.0,0,0,0
x3g8se59r4kpiq70,z0yncxll4zklooke,3,5,2,1,0,204.0,1,0,0
sktlwj0gdecf77sy,vz41nam148p0tvhh,1,11,1,5,3,456.0,0,0,0
gsgcj2tj20sarvqx,tvazccblskrt05ui,0,5,3,4,3,348.0,0,0,0
rzuf21zzspa57i3k,hv3a3zmf8mdd4v30,5,11,2,2,1,348.0,1,0,1
7fspen8zj6d553qb,hv3a3zmf8mdd4v30,5,5,2,4,0,348.0,0,0,0
vtpr2fjllafggeto,5c34dxtad1ior56f,1,13,3,2,0,360.0,0,0,0
txj7gyh8es0p4ovu,w5py6b2knftu2gc5,4,18,3,1,2,480.0,0,0,1
fbbjsvywrjj6xw4h,tvazccblskrt05ui,3,4,2,1,4,192.0,1,0,0
ipxrnsuprd00qii9,6n7hv3izky22ubtx,5,13,2,5,2,264.0,1,0,1
q0sfybvokbuwfjeq,5c34dxtad1ior56f,3,16,1,2,1,444.0,1,0,1
6qkky22ubz8zrr60,yzycwtiqj7yhl1c3,5,18,2,1,0,384.0,0,0,0
a3wg1i77gnh3i0d7,5qbswrpbjek5rbw2,1,8,3,0,0,264.0,0,0,0
swfs5zuthuwpb83u,6n7hv3izky22ubtx,0,13,3,0,0,525.0,0,0,1
ctcdjf2gmqadsbrm,8j5ecruyf38diuov,4,14,2,2,2,336.0,0,0,0
5zhcn8ifq12pqqxs,er14ffyvnvqjt7ye,6,6,2,1,0,552.0,1,0,0
dz1ofedr1oai3a7t,6n7hv3izky22ubtx,5,17,2,1,0,468.0,0,0,1
gcswiyf9jknxm816,5c34dxtad1ior56f,5,14,1,0,0,-1.0,1,0,0
ynhp95gn3e9v686t,hv3a3zmf8mdd4v30,4,4,4,2,1,444.0,0,0,0
z10vgp215krgt5sb,5c34dxtad1ior56f,1,16,1,2,1,570.0,1,0,0
a8rvjwh9mho6t2tk,tcs4cc5o7uubcxul,3,16,1,3,4,480.0,1,0,0
nokyw64yb5bq5tz9,yzycwtiqj7yhl1c3,5,4,1,2,1,480.0,0,0,0
yunlayqlejp8fwpr,qh7m35ixokc1msy4,4,1,1,2,0,336.0,1,0,0
eothcw1kazv6wna3,f8e8ld4d6af58c2j,4,3,2,2,1,168.0,1,0,0
wgw70mj8rx2jmzrv,li7kq1uymrlrmjkv,4,5,2,3,0,468.0,1,0,0
vr9sl5vx974ppwwl,7s55j2o7s3kkv9rf,3,1,1,2,8,216.0,1,0,0
0tsgtno1z74zl9c3,z0yncxll4zklooke,3,8,3,0,1,228.0,1,0,0
lo3p1jzooywuhfrl,9tmqlizl08yg0jv1,6,2,2,1,1,360.0,0,0,0
phrqzdua47aa60o4,vz41nam148p0tvhh,1,2,3,0,4,468.0,0,0,1
7fcde5e8nq99fr8q,qh7m35ixokc1msy4,4,20,2,2,1,384.0,0,0,0
kunurlq17dehelyj,f4zw9xa3kx7eedtj,6,7,3,0,0,468.0,0,0,0
zy58etb3kw49hm7x,vkizzqy72wx7ptx6,1,17,2,2,4,468.0,0,0,0
rm848mxujf7ab1sx,f8e8ld4d6af58c2j,1,23,1,3,2,432.0,1,0,1
kpkm7z7s3gw8x3kd,li7kq1uymrlrmjkv,4,19,2,2,1,372.0,1,0,0
91gu6yxmqnekrbsz,w5py6b2knftu2gc5,1,5,1,1,0,420.0,0,0,0
tq6ye84c6opn2bt2,qh7m35ixokc1msy4,2,20,1,3,2,240.0,0,0,0
3buoa075oksnskfg,f4zw9xa3kx7eedtj,1,5,4,0,1,396.0,1,0,0
41gpc8mg29vqyga6,tvazccblskrt05ui,1,22,2,2,5,168.0,1,0,0
w69xh5zp9mf5pm7w,tcs4cc5o7uubcxul,6,0,1,0,5,336.0,0,0,0
7szoqeallc7m1ndr,tvazccblskrt05ui,4,0,3,4,6,252.0,0,0,0
sxmoxjcbx92o1rvm,vz41nam148p0tvhh,1,9,1,0,0,360.0,1,0,0
e8n3eg33hkw1wlz8,f4zw9xa3kx7eedtj,3,17,3,2,2,432.0,0,0,0
mykkwdd9fkp8urjd,tcs4cc5o7uubcxul,0,23,1,0,6,336.0,0,0,1
671kx2323ptj5xsl,z0yncxll4zklooke,4,18,1,2,2,432.0,0,0,0
5e2bpkf0a1uahjh0,dswm31yihair4cow,3,19,2,3,2,372.0,1,0,0
x7gfl42mg9qqxxai,84u89yjb1qx6gvwr,0,4,2,3,0,300.0,0,0,0
wh8e7bi3rhk74mbb,hv3a3zmf8mdd4v30,3,9,2,2,2,300.0,1,0,1
z6kllzvrg4u5fhst,f4zw9xa3kx7eedtj,2,7,2,6,3,324.0,0,0,1
ye77jb5njrm97py2,c56t4ufel6246hid,5,11,2,7,2,336.0,0,0,0
4v9rbuq93ypguth1,tcs4cc5o7uubcxul,4,11,1,2,0,336.0,1,0,0
xwsi1coxpy5j3sps,84u89yjb1qx6gvwr,2,13,2,2,1,264.0,0,0,0
iuyj3mjuu4vk5vwx,z0yncxll4zklooke,2,16,1,3,3,276.0,1,0,0
ubiqj6u9bl57jb16,hv3a3zmf8mdd4v30,0,2,1,3,0,372.0,1,0,1
